# WaveFront *.obj file (generated by Autodesk ATF)

mtllib Guitar.mtl

g Body2

v -1.202780 0.000000 -2.786366
v -1.071409 0.000000 -2.710963
v -0.952834 0.000000 -2.616710
v -0.849736 0.000000 -2.505739
v -0.849736 0.317500 -2.505739
v -0.952834 0.317500 -2.616710
v -1.071409 0.317500 -2.710963
v -1.202780 0.317500 -2.786366
v -3.178061 0.000000 -2.600937
v -2.818196 0.000000 -2.809430
v -2.422039 0.000000 -2.936048
v -2.007960 0.000000 -2.974920
v -1.595160 0.000000 -2.924242
v -1.595160 0.317500 -2.924242
v -2.007960 0.317500 -2.974920
v -2.422039 0.317500 -2.936048
v -2.818196 0.317500 -2.809430
v -3.178061 0.317500 -2.600937
v -6.010519 0.000000 -2.621466
v -5.476787 0.000000 -2.352856
v -4.895942 0.000000 -2.212710
v -4.298445 0.000000 -2.208380
v -3.715630 0.000000 -2.340091
v -3.715630 0.317500 -2.340091
v -4.298445 0.317500 -2.208380
v -4.895942 0.317500 -2.212710
v -5.476787 0.317500 -2.352856
v -6.010519 0.317500 -2.621466
v -8.847190 0.000000 -3.029143
v -8.121486 0.000000 -3.165676
v -7.383457 0.000000 -3.141186
v -6.668401 0.000000 -2.956844
v -6.668401 0.317500 -2.956844
v -7.383457 0.317500 -3.141186
v -8.121486 0.317500 -3.165676
v -8.847190 0.317500 -3.029143
v -9.456887 0.000000 -2.640055
v -9.278472 0.000000 -2.806154
v -9.072985 0.000000 -2.937288
v -9.072985 0.317500 -2.937288
v -9.278472 0.317500 -2.806154
v -9.456887 0.317500 -2.640055
v -10.065647 0.000000 -1.167547
v -9.976114 0.000000 -1.700325
v -9.769709 0.000000 -2.199589
v -9.769709 0.317500 -2.199589
v -9.976114 0.317500 -1.700325
v -10.065647 0.317500 -1.167547
v -10.009532 0.000000 2.019105
v -10.078768 0.000000 0.958178
v -10.097487 0.000000 -0.104841
v -10.097487 0.317500 -0.104841
v -10.078768 0.317500 0.958178
v -10.009532 0.317500 2.019105
v -9.255882 0.000000 3.006289
v -9.489206 0.000000 2.888274
v -9.690280 0.000000 2.721130
v -9.848944 0.000000 2.513300
v -9.957185 0.000000 2.275283
v -9.957185 0.317500 2.275283
v -9.848944 0.317500 2.513300
v -9.690280 0.317500 2.721130
v -9.489206 0.317500 2.888274
v -9.255882 0.317500 3.006289
v -6.630595 0.000000 2.889822
v -7.264745 0.000000 3.117236
v -7.931434 0.000000 3.214134
v -8.604085 0.000000 3.176654
v -8.604085 0.317500 3.176654
v -7.931434 0.317500 3.214134
v -7.264745 0.317500 3.117236
v -6.630595 0.317500 2.889822
v -5.379698 0.000000 2.388360
v -5.803570 0.000000 2.537931
v -6.220781 0.000000 2.705184
v -6.220781 0.317500 2.705184
v -5.803570 0.317500 2.537931
v -5.379698 0.317500 2.388360
v -3.711499 0.000000 2.561529
v -4.105260 0.000000 2.385842
v -4.527069 0.000000 2.296445
v -4.958246 0.000000 2.297297
v -4.958246 0.317500 2.297297
v -4.527069 0.317500 2.296445
v -4.105260 0.317500 2.385842
v -3.711499 0.317500 2.561529
v -2.186522 0.000000 2.515890
v -2.471893 0.000000 2.662258
v -2.782489 0.000000 2.742202
v -3.103064 0.000000 2.751796
v -3.417885 0.000000 2.690570
v -3.417885 0.317500 2.690570
v -3.103064 0.317500 2.751796
v -2.782489 0.317500 2.742202
v -2.471893 0.317500 2.662258
v -2.186522 0.317500 2.515890
v -2.123760 0.000000 2.263052
v -2.104961 0.000000 2.300327
v -2.095431 0.000000 2.340972
v -2.095703 0.000000 2.382718
v -2.105760 0.000000 2.423236
v -2.125043 0.000000 2.460263
v -2.152474 0.000000 2.491733
v -2.152474 0.317500 2.491733
v -2.125043 0.317500 2.460263
v -2.105760 0.317500 2.423236
v -2.095703 0.317500 2.382718
v -2.095431 0.317500 2.340972
v -2.104961 0.317500 2.300327
v -2.123760 0.317500 2.263052
v -2.499073 0.000000 2.263052
v -2.499073 0.317500 2.263052
v -3.065316 0.000000 0.513133
v -3.239280 0.000000 0.706071
v -3.357410 0.000000 0.937444
v -3.411665 0.000000 1.191501
v -3.398349 0.000000 1.450945
v -3.318370 0.000000 1.698113
v -3.177172 0.000000 1.916177
v -2.984370 0.000000 2.090291
v -2.753088 0.000000 2.208601
v -2.753088 0.317500 2.208601
v -2.984370 0.317500 2.090291
v -3.177172 0.317500 1.916177
v -3.318370 0.317500 1.698113
v -3.398349 0.317500 1.450945
v -3.411665 0.317500 1.191501
v -3.357410 0.317500 0.937444
v -3.239280 0.317500 0.706071
v -3.065316 0.317500 0.513133
v -2.782212 0.000000 0.406847
v -2.883998 0.000000 0.419922
v -2.980073 0.000000 0.455992
v -2.980073 0.317500 0.455992
v -2.883998 0.317500 0.419922
v -2.782212 0.317500 0.406847
v 6.076204 0.000000 0.299958
v 6.076204 0.317500 0.299958
v 6.476127 0.000000 0.363070
v 6.345471 0.000000 0.327063
v 6.211600 0.000000 0.305937
v 6.211600 0.317500 0.305937
v 6.345471 0.317500 0.327063
v 6.476127 0.317500 0.363070
v 7.363214 0.000000 0.786276
v 7.079135 0.000000 0.621670
v 6.782808 0.000000 0.480300
v 6.782808 0.317500 0.480300
v 7.079135 0.317500 0.621670
v 7.363214 0.317500 0.786276
v 7.418352 0.000000 0.792532
v 7.404390 0.000000 0.795744
v 7.390063 0.000000 0.795745
v 7.376101 0.000000 0.792535
v 7.376101 0.317500 0.792535
v 7.390063 0.317500 0.795745
v 7.404390 0.317500 0.795744
v 7.418352 0.317500 0.792532
v 9.777006 0.000000 0.979629
v 9.215324 0.000000 0.746815
v 8.617539 0.000000 0.635718
v 8.009714 0.000000 0.651182
v 8.009714 0.317500 0.651182
v 8.617539 0.317500 0.635718
v 9.215324 0.317500 0.746815
v 9.777006 0.317500 0.979629
v 9.829229 0.000000 0.983426
v 9.816168 0.000000 0.986707
v 9.802708 0.000000 0.987161
v 9.789455 0.000000 0.984765
v 9.789455 0.317500 0.984765
v 9.802708 0.317500 0.987161
v 9.816168 0.317500 0.986707
v 9.829229 0.317500 0.983426
v 9.815082 0.000000 0.228166
v 9.904396 0.000000 0.270066
v 9.980729 0.000000 0.332565
v 10.039430 0.000000 0.411854
v 10.076925 0.000000 0.503106
v 10.090930 0.000000 0.600761
v 10.080592 0.000000 0.698872
v 10.046541 0.000000 0.791464
v 9.990850 0.000000 0.872896
v 9.916911 0.000000 0.938209
v 9.916911 0.317500 0.938209
v 9.990850 0.317500 0.872896
v 10.046541 0.317500 0.791464
v 10.080592 0.317500 0.698872
v 10.090930 0.317500 0.600761
v 10.076925 0.317500 0.503106
v 10.039430 0.317500 0.411854
v 9.980729 0.317500 0.332565
v 9.904396 0.317500 0.270066
v 9.815082 0.317500 0.228166
v 6.730365 0.000000 -0.651777
v 7.765748 0.000000 -0.383902
v 8.794196 0.000000 -0.090528
v 8.794196 0.317500 -0.090528
v 7.765748 0.317500 -0.383902
v 6.730365 0.317500 -0.651777
v 6.681287 0.000000 -0.643782
v 6.692695 0.000000 -0.649480
v 6.705011 0.000000 -0.652783
v 6.717739 0.000000 -0.653559
v 6.717739 0.317500 -0.653559
v 6.705011 0.317500 -0.652783
v 6.692695 0.317500 -0.649480
v 6.681287 0.317500 -0.643782
v 6.469791 0.000000 -0.492762
v 6.538383 0.000000 -0.545738
v 6.608915 0.000000 -0.596101
v 6.608915 0.317500 -0.596101
v 6.538383 0.317500 -0.545738
v 6.469791 0.317500 -0.492762
v 6.186347 0.000000 -0.394925
v 6.287535 0.000000 -0.405385
v 6.383696 0.000000 -0.438577
v 6.383696 0.317500 -0.438577
v 6.287535 0.317500 -0.405385
v 6.186347 0.317500 -0.394925
v -1.551427 0.000000 -0.485262
v -1.551427 0.317500 -0.485262
v -1.771840 0.000000 -0.546738
v -1.702315 0.000000 -0.513535
v -1.628101 0.000000 -0.492835
v -1.628101 0.317500 -0.492835
v -1.702315 0.317500 -0.513535
v -1.771840 0.317500 -0.546738
v -1.722753 0.000000 -2.047815
v -1.892024 0.000000 -1.935465
v -2.030031 0.000000 -1.786369
v -2.128991 0.000000 -1.608936
v -2.183323 0.000000 -1.413172
v -2.189963 0.000000 -1.210116
v -2.148537 0.000000 -1.011221
v -2.061381 0.000000 -0.827702
v -1.933409 0.000000 -0.669908
v -1.933409 0.317500 -0.669908
v -2.061381 0.317500 -0.827702
v -2.148537 0.317500 -1.011221
v -2.189963 0.317500 -1.210116
v -2.183323 0.317500 -1.413172
v -2.128991 0.317500 -1.608936
v -2.030031 0.317500 -1.786369
v -1.892024 0.317500 -1.935465
v -1.722753 0.317500 -2.047815
v -0.994995 0.000000 -2.229241
v -1.245694 0.000000 -2.205127
v -1.490071 0.000000 -2.144206
v -1.490071 0.317500 -2.144206
v -1.245694 0.317500 -2.205127
v -0.994995 0.317500 -2.229241
v -0.982670 0.000000 -2.229640
v -0.986781 0.000000 -2.229596
v -0.990890 0.000000 -2.229463
v -0.990890 0.317500 -2.229463
v -0.986781 0.317500 -2.229596
v -0.982670 0.317500 -2.229640
v -0.827677 0.000000 -2.469655
v -0.815206 0.000000 -2.429242
v -0.813093 0.000000 -2.387002
v -0.821469 0.000000 -2.345547
v -0.839816 0.000000 -2.307441
v -0.866999 0.000000 -2.275041
v -0.901337 0.000000 -2.250352
v -0.940706 0.000000 -2.234899
v -0.940706 0.317500 -2.234899
v -0.901337 0.317500 -2.250352
v -0.866999 0.317500 -2.275041
v -0.839816 0.317500 -2.307441
v -0.821469 0.317500 -2.345547
v -0.813093 0.317500 -2.387002
v -0.815206 0.317500 -2.429242
v -0.827677 0.317500 -2.469655
v -5.320097 0.000000 2.569296
v -4.937828 0.000000 2.486699
v -4.546739 0.000000 2.485927
v -4.164146 0.000000 2.567012
v -3.806993 0.000000 2.726366
v -3.806993 0.317500 2.726366
v -4.164146 0.317500 2.567012
v -4.546739 0.317500 2.485927
v -4.937828 0.317500 2.486699
v -5.320097 0.317500 2.569296
v -6.548709 0.000000 3.061825
v -6.146196 0.000000 2.880476
v -5.736418 0.000000 2.716203
v -5.736418 0.317500 2.716203
v -6.146196 0.317500 2.880476
v -6.548709 0.317500 3.061825
v -9.322215 0.000000 3.184867
v -8.633618 0.000000 3.364851
v -7.922991 0.000000 3.404447
v -7.218662 0.000000 3.302078
v -7.218662 0.317500 3.302078
v -7.922991 0.317500 3.404447
v -8.633618 0.317500 3.364851
v -9.322215 0.317500 3.184867
v -10.199279 0.000000 2.036027
v -10.138359 0.000000 2.334156
v -10.012394 0.000000 2.611149
v -9.827747 0.000000 2.853012
v -9.593747 0.000000 3.047527
v -9.593747 0.317500 3.047527
v -9.827747 0.317500 2.853012
v -10.012394 0.317500 2.611149
v -10.138359 0.317500 2.334156
v -10.199279 0.317500 2.036027
v -10.255872 0.000000 -1.177778
v -10.287983 0.000000 -0.106016
v -10.269105 0.000000 0.966060
v -10.269105 0.317500 0.966060
v -10.287983 0.317500 -0.106016
v -10.255872 0.317500 -1.177778
v -9.598804 0.000000 -2.767137
v -9.936450 0.000000 -2.291718
v -10.159234 0.000000 -1.752834
v -10.159234 0.317500 -1.752834
v -9.936450 0.317500 -2.291718
v -9.598804 0.317500 -2.767137
v -8.902673 0.000000 -3.211384
v -9.160478 0.000000 -3.106508
v -9.395095 0.000000 -2.956783
v -9.395095 0.317500 -2.956783
v -9.160478 0.317500 -3.106508
v -8.902673 0.317500 -3.211384
v -5.905959 0.000000 -2.780707
v -6.600959 0.000000 -3.135006
v -7.356358 0.000000 -3.329749
v -8.136026 0.000000 -3.355621
v -8.136026 0.317500 -3.355621
v -7.356358 0.317500 -3.329749
v -6.600959 0.317500 -3.135006
v -5.905959 0.317500 -2.780707
v -3.285423 0.000000 -2.758428
v -3.783203 0.000000 -2.518275
v -4.322504 0.000000 -2.397392
v -4.875167 0.000000 -2.402091
v -5.412334 0.000000 -2.532126
v -5.412334 0.317500 -2.532126
v -4.875167 0.317500 -2.402091
v -4.322504 0.317500 -2.397392
v -3.783203 0.317500 -2.518275
v -3.285423 0.317500 -2.758428
v -1.120643 0.000000 -2.958249
v -1.550439 0.000000 -3.109423
v -2.002600 0.000000 -3.165361
v -2.456279 0.000000 -3.123484
v -2.890561 0.000000 -2.985722
v -2.890561 0.317500 -2.985722
v -2.456279 0.317500 -3.123484
v -2.002600 0.317500 -3.165361
v -1.550439 0.317500 -3.109423
v -1.120643 0.317500 -2.958249
v -0.700816 0.000000 -2.624538
v -0.823416 0.000000 -2.756501
v -0.964422 0.000000 -2.868583
v -0.964422 0.317500 -2.868583
v -0.823416 0.317500 -2.756501
v -0.700816 0.317500 -2.624538
v -0.982670 0.000000 -2.039140
v -0.958235 0.000000 -2.039969
v -0.909681 0.000000 -2.046605
v -0.862476 0.000000 -2.059764
v -0.817492 0.000000 -2.079202
v -0.775558 0.000000 -2.104561
v -0.737451 0.000000 -2.135372
v -0.703874 0.000000 -2.171065
v -0.675447 0.000000 -2.210982
v -0.652695 0.000000 -2.254385
v -0.636039 0.000000 -2.300473
v -0.625786 0.000000 -2.348393
v -0.622127 0.000000 -2.397261
v -0.625127 0.000000 -2.446174
v -0.634733 0.000000 -2.494228
v -0.650766 0.000000 -2.540536
v -0.672930 0.000000 -2.584242
v -0.672930 0.317500 -2.584242
v -0.650766 0.317500 -2.540536
v -0.634733 0.317500 -2.494228
v -0.625127 0.317500 -2.446174
v -0.622127 0.317500 -2.397261
v -0.625786 0.317500 -2.348393
v -0.636039 0.317500 -2.300473
v -0.652695 0.317500 -2.254385
v -0.675447 0.317500 -2.210982
v -0.703874 0.317500 -2.171065
v -0.737451 0.317500 -2.135372
v -0.775558 0.317500 -2.104561
v -0.817492 0.317500 -2.079202
v -0.862476 0.317500 -2.059764
v -0.909681 0.317500 -2.046605
v -0.958235 0.317500 -2.039969
v -0.982670 0.317500 -2.039140
v -0.958178 0.000000 -2.039140
v -0.958178 0.317500 -2.039140
v -1.636996 0.000000 -1.877709
v -1.318954 0.000000 -1.995346
v -0.982667 0.000000 -2.038941
v -0.982667 0.317500 -2.038941
v -1.318954 0.317500 -1.995346
v -1.636996 0.317500 -1.877709
v -1.675153 0.000000 -0.710879
v -1.800746 0.000000 -0.806622
v -1.900222 0.000000 -0.929279
v -1.967971 0.000000 -1.071934
v -2.000173 0.000000 -1.226541
v -1.995011 0.000000 -1.384382
v -1.952777 0.000000 -1.536555
v -1.875853 0.000000 -1.674479
v -1.768576 0.000000 -1.790376
v -1.768576 0.317500 -1.790376
v -1.875853 0.317500 -1.674479
v -1.952777 0.317500 -1.536555
v -1.995011 0.317500 -1.384382
v -2.000173 0.317500 -1.226541
v -1.967971 0.317500 -1.071934
v -1.900222 0.317500 -0.929279
v -1.800746 0.317500 -0.806622
v -1.675153 0.317500 -0.710879
v -1.549203 0.000000 -0.675749
v -1.593016 0.000000 -0.680077
v -1.635425 0.000000 -0.691905
v -1.635425 0.317500 -0.691905
v -1.593016 0.317500 -0.680077
v -1.549203 0.317500 -0.675749
v 6.188571 0.000000 -0.585412
v 6.188571 0.317500 -0.585412
v 6.350539 0.000000 -0.641319
v 6.301341 0.000000 -0.610356
v 6.246393 0.000000 -0.591389
v 6.246393 0.317500 -0.591389
v 6.301341 0.317500 -0.610356
v 6.350539 0.317500 -0.641319
v 6.579486 0.000000 -0.804800
v 6.501142 0.000000 -0.753185
v 6.424790 0.000000 -0.698666
v 6.424790 0.317500 -0.698666
v 6.501142 0.317500 -0.753185
v 6.579486 0.317500 -0.804800
v 6.775798 0.000000 -0.836780
v 6.725293 0.000000 -0.843910
v 6.674381 0.000000 -0.840805
v 6.625117 0.000000 -0.827591
v 6.625117 0.317500 -0.827591
v 6.674381 0.317500 -0.840805
v 6.725293 0.317500 -0.843910
v 6.775798 0.317500 -0.836780
v 9.874092 0.000000 0.047036
v 8.848712 0.000000 -0.273061
v 7.815738 0.000000 -0.567726
v 7.815738 0.317500 -0.567726
v 8.848712 0.317500 -0.273061
v 9.874092 0.317500 0.047036
v 9.894980 0.000000 1.162219
v 10.024448 0.000000 1.095455
v 10.133622 0.000000 0.999016
v 10.215853 0.000000 0.878777
v 10.266132 0.000000 0.742060
v 10.281397 0.000000 0.597194
v 10.260718 0.000000 0.453000
v 10.205354 0.000000 0.318262
v 10.118678 0.000000 0.201187
v 10.005969 0.000000 0.108904
v 10.005969 0.317500 0.108904
v 10.118678 0.317500 0.201187
v 10.205354 0.317500 0.318262
v 10.260718 0.317500 0.453000
v 10.281397 0.317500 0.597194
v 10.266132 0.317500 0.742060
v 10.215853 0.317500 0.878777
v 10.133622 0.317500 0.999016
v 10.024448 0.317500 1.095455
v 9.894980 0.317500 1.162219
v 9.686088 0.000000 1.147034
v 9.735886 0.000000 1.167578
v 9.788896 0.000000 1.177159
v 9.842735 0.000000 1.175346
v 9.842735 0.317500 1.175346
v 9.788896 0.317500 1.177159
v 9.735886 0.317500 1.167578
v 9.686088 0.317500 1.147034
v 7.481740 0.000000 0.972176
v 8.034415 0.000000 0.840073
v 8.602475 0.000000 0.825621
v 9.161152 0.000000 0.929450
v 9.161152 0.317500 0.929450
v 8.602475 0.317500 0.825621
v 8.034415 0.317500 0.840073
v 7.481740 0.317500 0.972176
v 7.261189 0.000000 0.947152
v 7.312738 0.000000 0.972188
v 7.368587 0.000000 0.985031
v 7.425893 0.000000 0.985027
v 7.425893 0.317500 0.985027
v 7.368587 0.317500 0.985031
v 7.312738 0.317500 0.972188
v 7.261189 0.317500 0.947152
v 6.415280 0.000000 0.543591
v 6.707725 0.000000 0.655379
v 6.990297 0.000000 0.790187
v 6.990297 0.317500 0.790187
v 6.707725 0.317500 0.655379
v 6.415280 0.317500 0.543591
v 6.078503 0.000000 0.490444
v 6.192520 0.000000 0.495479
v 6.305253 0.000000 0.513269
v 6.305253 0.317500 0.513269
v 6.192520 0.317500 0.495479
v 6.078503 0.317500 0.490444
v -2.779913 0.000000 0.597333
v -2.779913 0.317500 0.597333
v -2.941687 0.000000 0.658068
v -2.892977 0.000000 0.625416
v -2.838077 0.000000 0.604805
v -2.838077 0.317500 0.604805
v -2.892977 0.317500 0.625416
v -2.941687 0.317500 0.658068
v -2.491010 0.000000 2.072552
v -2.695262 0.000000 2.026948
v -2.880860 0.000000 1.930243
v -3.035264 0.000000 1.788971
v -3.148043 0.000000 1.612678
v -3.211576 0.000000 1.413274
v -3.221571 0.000000 1.204232
v -3.177353 0.000000 0.999676
v -3.081909 0.000000 0.813427
v -3.081909 0.317500 0.813427
v -3.177353 0.317500 0.999676
v -3.221571 0.317500 1.204232
v -3.211576 0.317500 1.413274
v -3.148043 0.317500 1.612678
v -3.035264 0.317500 1.788971
v -2.880860 0.317500 1.930243
v -2.695262 0.317500 2.026948
v -2.491010 0.317500 2.072552
v -2.092906 0.000000 2.072552
v -2.092906 0.317500 2.072552
v -1.998729 0.000000 2.114348
v -2.018440 0.000000 2.096674
v -2.041388 0.000000 2.083470
v -2.066575 0.000000 2.075312
v -2.066575 0.317500 2.075312
v -2.041388 0.317500 2.083470
v -2.018440 0.317500 2.096674
v -1.998729 0.317500 2.114348
v -2.087168 0.000000 2.678562
v -2.013055 0.000000 2.622023
v -1.955567 0.000000 2.548644
v -1.918407 0.000000 2.463154
v -1.903972 0.000000 2.371062
v -1.913191 0.000000 2.278302
v -1.945470 0.000000 2.190852
v -1.945470 0.317500 2.190852
v -1.913191 0.317500 2.278302
v -1.903972 0.317500 2.371062
v -1.918407 0.317500 2.463154
v -1.955567 0.317500 2.548644
v -2.013055 0.317500 2.622023
v -2.087168 0.317500 2.678562
v -3.476074 0.000000 2.871970
v -3.121276 0.000000 2.941441
v -2.759879 0.000000 2.931396
v -2.409488 0.000000 2.842323
v -2.409488 0.317500 2.842323
v -2.759879 0.317500 2.931396
v -3.121276 0.317500 2.941441
v -3.476074 0.317500 2.871970
v -0.003293 0.317500 -0.555331
v -0.003293 0.000000 -0.555331
vt 0.317500 0.454845 0.000000
vt 0.000000 0.454845 0.000000
vt 0.317500 0.303230 0.000000
vt 0.000000 0.303230 0.000000
vt 0.000000 0.151615 0.000000
vt 0.000000 -0.000000 0.000000
vt 0.317500 -0.000000 0.000000
vt 0.317500 0.151615 0.000000
vt 0.317500 2.083536 0.000000
vt 0.000000 2.083536 0.000000
vt 0.317500 1.666828 0.000000
vt -0.000000 1.666828 0.000000
vt 0.317500 1.250121 0.000000
vt 0.000000 1.250121 0.000000
vt 0.317500 0.833414 0.000000
vt 0.000000 0.833414 0.000000
vt 0.317500 0.416707 0.000000
vt 0.000000 0.416707 0.000000
vt 0.317500 0.000000 0.000000
vt -0.000000 0.000000 0.000000
vt -0.317500 0.000000 0.000000
vt -0.000000 0.000000 0.000000
vt -0.317500 0.598826 0.000000
vt -0.000000 0.598826 0.000000
vt -0.317500 1.197652 0.000000
vt -0.000000 1.197652 0.000000
vt -0.317500 1.796478 0.000000
vt -0.000000 1.796478 0.000000
vt -0.317500 2.395304 0.000000
vt -0.000000 2.395304 0.000000
vt -0.317500 2.994130 0.000000
vt -0.000000 2.994130 0.000000
vt 0.317500 2.959660 0.000000
vt 0.000000 2.959660 0.000000
vt 0.317500 2.219745 0.000000
vt -0.000000 2.219745 0.000000
vt 0.317500 1.479830 0.000000
vt 0.000000 1.479830 0.000000
vt 0.317500 0.739915 0.000000
vt 0.000000 0.739915 0.000000
vt 0.317500 -0.000000 0.000000
vt -0.000000 -0.000000 0.000000
vt 0.317500 0.732298 0.000000
vt 0.000000 0.732298 0.000000
vt 0.317500 0.488199 0.000000
vt 0.000000 0.488199 0.000000
vt 0.000000 0.244099 0.000000
vt 0.000000 0.000000 0.000000
vt 0.317500 0.000000 0.000000
vt 0.317500 0.244099 0.000000
vt 0.317500 1.624184 0.000000
vt -0.000000 1.624184 0.000000
vt 0.317500 1.082789 0.000000
vt 0.000000 1.082789 0.000000
vt 0.317500 0.541395 0.000000
vt 0.000000 0.541395 0.000000
vt 0.317500 -0.000000 0.000000
vt 0.000000 -0.000000 0.000000
vt 0.317500 3.189851 0.000000
vt 0.000000 3.189851 0.000000
vt 0.317500 2.126567 0.000000
vt 0.000000 2.126567 0.000000
vt 0.000000 1.063284 0.000000
vt -0.000000 0.000000 0.000000
vt 0.317500 0.000000 0.000000
vt 0.317500 1.063284 0.000000
vt 0.317500 1.310129 0.000000
vt -0.000000 1.310129 0.000000
vt 0.317500 1.048103 0.000000
vt 0.000000 1.048103 0.000000
vt 0.317500 0.786077 0.000000
vt -0.000000 0.786077 0.000000
vt 0.317500 0.524052 0.000000
vt -0.000000 0.524052 0.000000
vt 0.317500 0.262026 0.000000
vt -0.000000 0.262026 0.000000
vt 0.317500 0.000000 0.000000
vt 0.000000 0.000000 0.000000
vt 0.317500 2.699272 0.000000
vt -0.000000 2.699272 0.000000
vt 0.317500 2.024454 0.000000
vt 0.000000 2.024454 0.000000
vt 0.317500 1.349636 0.000000
vt -0.000000 1.349636 0.000000
vt 0.317500 0.674818 0.000000
vt 0.000000 0.674818 0.000000
vt 0.317500 0.000000 0.000000
vt 0.000000 0.000000 0.000000
vt -0.317500 0.000000 0.000000
vt -0.000000 0.000000 0.000000
vt -0.317500 0.449520 0.000000
vt -0.000000 0.449520 0.000000
vt -0.317500 0.899041 0.000000
vt -0.000000 0.899041 0.000000
vt -0.317500 1.348561 0.000000
vt -0.000000 1.348561 0.000000
vt -0.317500 -0.000000 0.000000
vt -0.000000 0.000000 0.000000
vt -0.317500 0.431978 0.000000
vt -0.000000 0.431978 0.000000
vt -0.317500 0.863955 0.000000
vt -0.000000 0.863955 0.000000
vt -0.317500 1.295933 0.000000
vt -0.000000 1.295933 0.000000
vt -0.317500 1.727910 0.000000
vt -0.000000 1.727910 0.000000
vt 0.317500 1.606892 0.000000
vt 0.000000 1.606892 0.000000
vt 0.317500 1.285514 0.000000
vt -0.000000 1.285514 0.000000
vt 0.317500 0.964135 0.000000
vt 0.000000 0.964135 0.000000
vt 0.317500 0.642757 0.000000
vt 0.000000 0.642757 0.000000
vt 0.317500 0.321378 0.000000
vt 0.000000 0.321378 0.000000
vt 0.317500 0.000000 0.000000
vt 0.000000 0.000000 0.000000
vt 0.317500 0.292914 0.000000
vt 0.000000 0.292914 0.000000
vt 0.317500 0.251069 0.000000
vt 0.000000 0.251069 0.000000
vt 0.317500 0.209224 0.000000
vt 0.000000 0.209224 0.000000
vt 0.317500 0.167379 0.000000
vt 0.000000 0.167379 0.000000
vt 0.317500 0.125535 0.000000
vt -0.000000 0.125535 0.000000
vt 0.317500 0.083690 0.000000
vt -0.000000 0.083690 0.000000
vt 0.317500 0.041845 0.000000
vt -0.000000 0.041845 0.000000
vt 0.317500 -0.000000 0.000000
vt -0.000000 -0.000000 0.000000
vt 0.000000 0.000000 0.000000
vt 0.375313 0.000000 0.000000
vt 0.000000 0.317500 0.000000
vt 0.375313 0.317500 0.000000
vt -0.317500 -0.000000 0.000000
vt -0.000000 0.000000 0.000000
vt -0.317500 0.260528 0.000000
vt -0.000000 0.260528 0.000000
vt -0.317500 0.521056 0.000000
vt -0.000000 0.521056 0.000000
vt -0.317500 0.781584 0.000000
vt -0.000000 0.781584 0.000000
vt -0.317500 1.042113 0.000000
vt -0.000000 1.042113 0.000000
vt -0.317500 1.302641 0.000000
vt -0.000000 1.302641 0.000000
vt -0.317500 1.563169 0.000000
vt -0.000000 1.563169 0.000000
vt -0.317500 1.823697 0.000000
vt -0.000000 1.823697 0.000000
vt -0.317500 2.084225 0.000000
vt -0.000000 2.084225 0.000000
vt -0.317500 2.344753 0.000000
vt -0.000000 2.344753 0.000000
vt -0.317500 -0.000000 0.000000
vt -0.000000 0.000000 0.000000
vt -0.317500 0.102852 0.000000
vt -0.000000 0.102852 0.000000
vt -0.317500 0.205704 0.000000
vt -0.000000 0.205704 0.000000
vt -0.317500 0.308556 0.000000
vt -0.000000 0.308556 0.000000
vt 0.000000 0.000000 0.000000
vt 8.859061 0.000000 0.000000
vt 0.000000 0.317500 0.000000
vt 8.859061 0.317500 0.000000
vt -0.317500 -0.000000 0.000000
vt -0.000000 -0.000000 0.000000
vt -0.317500 0.135599 0.000000
vt -0.000000 0.135599 0.000000
vt -0.000000 0.271197 0.000000
vt -0.000000 0.406796 0.000000
vt -0.317500 0.406796 0.000000
vt -0.317500 0.271197 0.000000
vt -0.317500 0.000000 0.000000
vt -0.000000 0.000000 0.000000
vt -0.317500 0.328410 0.000000
vt -0.000000 0.328410 0.000000
vt -0.000000 0.656820 0.000000
vt -0.000000 0.985231 0.000000
vt -0.317500 0.985231 0.000000
vt -0.317500 0.656820 0.000000
vt 0.317500 0.057429 0.000000
vt -0.000000 0.057429 0.000000
vt 0.317500 0.043072 0.000000
vt -0.000000 0.043072 0.000000
vt 0.317500 0.028714 0.000000
vt 0.000000 0.028714 0.000000
vt 0.317500 0.014357 0.000000
vt -0.000000 0.014357 0.000000
vt 0.317500 0.000000 0.000000
vt 0.000000 0.000000 0.000000
vt -0.317500 -0.000000 0.000000
vt -0.000000 -0.000000 0.000000
vt -0.317500 0.609131 0.000000
vt -0.000000 0.609131 0.000000
vt -0.317500 1.218262 0.000000
vt -0.000000 1.218262 0.000000
vt -0.317500 1.827393 0.000000
vt -0.000000 1.827393 0.000000
vt -0.317500 2.436524 0.000000
vt -0.000000 2.436524 0.000000
vt 0.317500 0.053971 0.000000
vt 0.000000 0.053971 0.000000
vt 0.317500 0.040478 0.000000
vt 0.000000 0.040478 0.000000
vt 0.317500 0.026985 0.000000
vt -0.000000 0.026985 0.000000
vt 0.317500 0.013493 0.000000
vt 0.000000 0.013493 0.000000
vt 0.317500 0.000000 0.000000
vt -0.000000 0.000000 0.000000
vt 0.317500 0.989065 0.000000
vt -0.000000 0.989065 0.000000
vt 0.317500 0.890159 0.000000
vt -0.000000 0.890159 0.000000
vt 0.317500 0.791252 0.000000
vt 0.000000 0.791252 0.000000
vt 0.317500 0.692346 0.000000
vt 0.000000 0.692346 0.000000
vt 0.317500 0.593439 0.000000
vt -0.000000 0.593439 0.000000
vt 0.317500 0.494533 0.000000
vt -0.000000 0.494533 0.000000
vt 0.317500 0.395626 0.000000
vt -0.000000 0.395626 0.000000
vt 0.317500 0.296720 0.000000
vt -0.000000 0.296720 0.000000
vt 0.317500 0.197813 0.000000
vt 0.000000 0.197813 0.000000
vt 0.317500 0.098907 0.000000
vt 0.000000 0.098907 0.000000
vt 0.317500 -0.000000 0.000000
vt -0.000000 -0.000000 0.000000
vt 0.317500 3.208503 0.000000
vt 0.000000 3.208503 0.000000
vt 0.317500 2.139002 0.000000
vt 0.000000 2.139002 0.000000
vt -0.000000 1.069501 0.000000
vt 0.000000 0.000000 0.000000
vt 0.317500 0.000000 0.000000
vt 0.317500 1.069501 0.000000
vt 0.317500 0.051092 0.000000
vt -0.000000 0.051092 0.000000
vt 0.317500 0.038319 0.000000
vt -0.000000 0.038319 0.000000
vt 0.000000 0.025546 0.000000
vt 0.317500 0.025546 0.000000
vt 0.000000 0.012773 0.000000
vt 0.317500 0.012773 0.000000
vt 0.317500 -0.000000 0.000000
vt 0.000000 -0.000000 0.000000
vt 0.317500 0.260017 0.000000
vt 0.000000 0.260017 0.000000
vt 0.317500 0.173344 0.000000
vt 0.000000 0.173344 0.000000
vt 0.317500 0.086672 0.000000
vt 0.000000 0.086672 0.000000
vt 0.317500 0.000000 0.000000
vt -0.000000 0.000000 0.000000
vt -0.317500 -0.000000 0.000000
vt -0.000000 0.000000 0.000000
vt -0.317500 0.101951 0.000000
vt -0.000000 0.101951 0.000000
vt -0.317500 0.203902 0.000000
vt -0.000000 0.203902 0.000000
vt -0.317500 0.305853 0.000000
vt -0.000000 0.305853 0.000000
vt 0.000000 0.000000 0.000000
vt 7.738301 0.000000 0.000000
vt 0.000000 0.317500 0.000000
vt 7.738301 0.317500 0.000000
vt -0.317500 -0.000000 0.000000
vt -0.000000 -0.000000 0.000000
vt -0.317500 0.077144 0.000000
vt -0.000000 0.077144 0.000000
vt -0.000000 0.154287 0.000000
vt -0.000000 0.231431 0.000000
vt -0.317500 0.231431 0.000000
vt -0.317500 0.154287 0.000000
vt -0.317500 0.000000 0.000000
vt -0.000000 0.000000 0.000000
vt -0.317500 0.203644 0.000000
vt -0.000000 0.203644 0.000000
vt -0.317500 0.407288 0.000000
vt -0.000000 0.407288 0.000000
vt -0.317500 0.610933 0.000000
vt -0.000000 0.610933 0.000000
vt -0.317500 0.814577 0.000000
vt -0.000000 0.814577 0.000000
vt -0.317500 1.018221 0.000000
vt -0.000000 1.018221 0.000000
vt -0.317500 1.221865 0.000000
vt -0.000000 1.221865 0.000000
vt -0.317500 1.425510 0.000000
vt -0.000000 1.425510 0.000000
vt -0.317500 1.629154 0.000000
vt -0.000000 1.629154 0.000000
vt -0.317500 1.832798 0.000000
vt -0.000000 1.832798 0.000000
vt -0.317500 0.000000 0.000000
vt -0.000000 0.000000 0.000000
vt -0.317500 0.252088 0.000000
vt -0.000000 0.252088 0.000000
vt -0.000000 0.504176 0.000000
vt -0.000000 0.756264 0.000000
vt -0.317500 0.756264 0.000000
vt -0.317500 0.504176 0.000000
vt -0.317500 0.000000 0.000000
vt -0.000000 0.000000 0.000000
vt -0.317500 0.004111 0.000000
vt -0.000000 0.004111 0.000000
vt -0.317500 0.008222 0.000000
vt -0.000000 0.008222 0.000000
vt -0.317500 0.012333 0.000000
vt -0.000000 0.012333 0.000000
vt 0.317500 0.381623 0.000000
vt -0.000000 0.381623 0.000000
vt 0.317500 0.339221 0.000000
vt -0.000000 0.339221 0.000000
vt 0.317500 0.296818 0.000000
vt 0.000000 0.296818 0.000000
vt 0.317500 0.254416 0.000000
vt 0.000000 0.254416 0.000000
vt 0.317500 0.212013 0.000000
vt 0.000000 0.212013 0.000000
vt 0.317500 0.169610 0.000000
vt -0.000000 0.169610 0.000000
vt 0.317500 0.127208 0.000000
vt 0.000000 0.127208 0.000000
vt 0.317500 0.084805 0.000000
vt -0.000000 0.084805 0.000000
vt 0.317500 0.042403 0.000000
vt -0.000000 0.042403 0.000000
vt 0.317500 0.000000 0.000000
vt 0.000000 0.000000 0.000000
vt 0.317500 1.567263 0.000000
vt 0.000000 1.567263 0.000000
vt 0.317500 1.175447 0.000000
vt -0.000000 1.175447 0.000000
vt 0.317500 0.783632 0.000000
vt 0.000000 0.783632 0.000000
vt 0.317500 0.391816 0.000000
vt -0.000000 0.391816 0.000000
vt 0.317500 -0.000000 0.000000
vt 0.000000 -0.000000 0.000000
vt 0.317500 1.324536 0.000000
vt 0.000000 1.324536 0.000000
vt 0.317500 0.883024 0.000000
vt 0.000000 0.883024 0.000000
vt 0.317500 0.441512 0.000000
vt 0.000000 0.441512 0.000000
vt 0.317500 0.000000 0.000000
vt 0.000000 0.000000 0.000000
vt -0.317500 -0.000000 0.000000
vt -0.000000 -0.000000 0.000000
vt -0.317500 0.712917 0.000000
vt -0.000000 0.712917 0.000000
vt -0.317500 1.425834 0.000000
vt -0.000000 1.425834 0.000000
vt -0.317500 2.138751 0.000000
vt -0.000000 2.138751 0.000000
vt -0.317500 2.851668 0.000000
vt -0.000000 2.851668 0.000000
vt -0.317500 0.000000 0.000000
vt -0.000000 0.000000 0.000000
vt -0.317500 0.304934 0.000000
vt -0.000000 0.304934 0.000000
vt -0.317500 0.609868 0.000000
vt -0.000000 0.609868 0.000000
vt -0.317500 0.914801 0.000000
vt -0.000000 0.914801 0.000000
vt -0.317500 1.219735 0.000000
vt -0.000000 1.219735 0.000000
vt -0.317500 1.524669 0.000000
vt -0.000000 1.524669 0.000000
vt -0.317500 0.000000 0.000000
vt -0.000000 0.000000 0.000000
vt -0.317500 1.072344 0.000000
vt -0.000000 1.072344 0.000000
vt -0.000000 2.144688 0.000000
vt -0.000000 3.217031 0.000000
vt -0.317500 3.217031 0.000000
vt -0.317500 2.144688 0.000000
vt -0.317500 0.000000 0.000000
vt -0.000000 0.000000 0.000000
vt -0.317500 0.584357 0.000000
vt -0.000000 0.584357 0.000000
vt -0.317500 1.168714 0.000000
vt -0.000000 1.168714 0.000000
vt -0.317500 1.753071 0.000000
vt -0.000000 1.753071 0.000000
vt -0.317500 0.000000 0.000000
vt -0.000000 0.000000 0.000000
vt -0.317500 0.278704 0.000000
vt -0.000000 0.278704 0.000000
vt -0.000000 0.557408 0.000000
vt -0.000000 0.836112 0.000000
vt -0.317500 0.836112 0.000000
vt -0.317500 0.557408 0.000000
vt -0.317500 0.000000 0.000000
vt -0.000000 0.000000 0.000000
vt -0.317500 0.781661 0.000000
vt -0.000000 0.781661 0.000000
vt -0.317500 1.563321 0.000000
vt -0.000000 1.563321 0.000000
vt -0.317500 2.344982 0.000000
vt -0.000000 2.344982 0.000000
vt -0.317500 3.126642 0.000000
vt -0.000000 3.126642 0.000000
vt 0.317500 2.769461 0.000000
vt 0.000000 2.769461 0.000000
vt 0.317500 2.215569 0.000000
vt -0.000000 2.215569 0.000000
vt 0.317500 1.661677 0.000000
vt -0.000000 1.661677 0.000000
vt 0.317500 1.107785 0.000000
vt 0.000000 1.107785 0.000000
vt 0.317500 0.553892 0.000000
vt -0.000000 0.553892 0.000000
vt 0.317500 0.000000 0.000000
vt -0.000000 0.000000 0.000000
vt -0.317500 -0.000000 0.000000
vt -0.000000 -0.000000 0.000000
vt -0.317500 0.456488 0.000000
vt -0.000000 0.456488 0.000000
vt -0.317500 0.912976 0.000000
vt -0.000000 0.912976 0.000000
vt -0.317500 1.369463 0.000000
vt -0.000000 1.369463 0.000000
vt -0.317500 1.825951 0.000000
vt -0.000000 1.825951 0.000000
vt -0.317500 2.282439 0.000000
vt -0.000000 2.282439 0.000000
vt -0.317500 0.000000 0.000000
vt -0.000000 0.000000 0.000000
vt -0.317500 0.180295 0.000000
vt -0.000000 0.180295 0.000000
vt -0.000000 0.360590 0.000000
vt -0.000000 0.540885 0.000000
vt -0.317500 0.540885 0.000000
vt -0.317500 0.360590 0.000000
vt -0.317500 0.000000 0.000000
vt -0.000000 0.000000 0.000000
vt -0.317500 0.024454 0.000000
vt -0.000000 0.024454 0.000000
vt -0.317500 0.073497 0.000000
vt -0.000000 0.073497 0.000000
vt -0.000000 0.122540 0.000000
vt -0.000000 0.171582 0.000000
vt -0.317500 0.171582 0.000000
vt -0.317500 0.122540 0.000000
vt -0.000000 0.220625 0.000000
vt -0.317500 0.220625 0.000000
vt -0.317500 0.269667 0.000000
vt -0.000000 0.269667 0.000000
vt -0.317500 0.318710 0.000000
vt -0.000000 0.318710 0.000000
vt -0.000000 0.367752 0.000000
vt -0.000000 0.416795 0.000000
vt -0.317500 0.416795 0.000000
vt -0.317500 0.367752 0.000000
vt -0.000000 0.465838 0.000000
vt -0.317500 0.465838 0.000000
vt -0.317500 0.514880 0.000000
vt -0.000000 0.514880 0.000000
vt -0.000000 0.563923 0.000000
vt -0.000000 0.612965 0.000000
vt -0.317500 0.612965 0.000000
vt -0.317500 0.563923 0.000000
vt -0.000000 0.662008 0.000000
vt -0.317500 0.662008 0.000000
vt -0.317500 0.711050 0.000000
vt -0.000000 0.711050 0.000000
vt -0.000000 0.760093 0.000000
vt -0.000000 0.809136 0.000000
vt -0.317500 0.809136 0.000000
vt -0.317500 0.760093 0.000000
vt -0.000000 0.000000 0.000000
vt 0.024492 0.000000 0.000000
vt -0.000000 0.317500 0.000000
vt 0.024492 0.317500 0.000000
vt 0.317500 0.704129 0.000000
vt -0.000000 0.704129 0.000000
vt 0.317500 0.364309 0.000000
vt 0.000000 0.364309 0.000000
vt 0.000000 0.024490 0.000000
vt 0.000000 0.000000 0.000000
vt 0.317500 0.000000 0.000000
vt 0.317500 0.024490 0.000000
vt 0.317500 1.424687 0.000000
vt 0.000000 1.424687 0.000000
vt 0.317500 1.266389 0.000000
vt 0.000000 1.266389 0.000000
vt 0.317500 1.108090 0.000000
vt 0.000000 1.108090 0.000000
vt 0.317500 0.949792 0.000000
vt 0.000000 0.949792 0.000000
vt 0.317500 0.791493 0.000000
vt 0.000000 0.791493 0.000000
vt 0.317500 0.633194 0.000000
vt 0.000000 0.633194 0.000000
vt 0.317500 0.474896 0.000000
vt 0.000000 0.474896 0.000000
vt 0.317500 0.316597 0.000000
vt 0.000000 0.316597 0.000000
vt 0.317500 0.158299 0.000000
vt 0.000000 0.158299 0.000000
vt 0.317500 0.000000 0.000000
vt 0.000000 0.000000 0.000000
vt 0.317500 0.132246 0.000000
vt -0.000000 0.132246 0.000000
vt 0.317500 0.088164 0.000000
vt 0.000000 0.088164 0.000000
vt -0.000000 0.044082 0.000000
vt -0.000000 -0.000000 0.000000
vt 0.317500 -0.000000 0.000000
vt 0.317500 0.044082 0.000000
vt 0.000000 0.000000 0.000000
vt 7.738301 0.000000 0.000000
vt 0.000000 0.317500 0.000000
vt 7.738301 0.317500 0.000000
vt 0.317500 0.174773 0.000000
vt -0.000000 0.174773 0.000000
vt 0.317500 0.116516 0.000000
vt 0.000000 0.116516 0.000000
vt 0.317500 0.058258 0.000000
vt 0.000000 0.058258 0.000000
vt 0.317500 0.000000 0.000000
vt 0.000000 0.000000 0.000000
vt -0.317500 0.000000 0.000000
vt -0.000000 0.000000 0.000000
vt -0.317500 0.093824 0.000000
vt -0.000000 0.093824 0.000000
vt -0.317500 0.187648 0.000000
vt -0.000000 0.187648 0.000000
vt -0.317500 0.281472 0.000000
vt -0.000000 0.281472 0.000000
vt -0.317500 0.000000 0.000000
vt -0.000000 0.000000 0.000000
vt -0.317500 0.051092 0.000000
vt -0.000000 0.051092 0.000000
vt -0.000000 0.102184 0.000000
vt -0.317500 0.102184 0.000000
vt -0.000000 0.153276 0.000000
vt -0.317500 0.153276 0.000000
vt -0.317500 0.204368 0.000000
vt -0.000000 0.204368 0.000000
vt -0.317500 -0.000000 0.000000
vt -0.000000 -0.000000 0.000000
vt -0.317500 1.074208 0.000000
vt -0.000000 1.074208 0.000000
vt -0.000000 2.148416 0.000000
vt -0.000000 3.222624 0.000000
vt -0.317500 3.222624 0.000000
vt -0.317500 2.148416 0.000000
vt -0.317500 0.000000 0.000000
vt -0.000000 0.000000 0.000000
vt -0.317500 0.146041 0.000000
vt -0.000000 0.146041 0.000000
vt -0.317500 0.292082 0.000000
vt -0.000000 0.292082 0.000000
vt -0.317500 0.438123 0.000000
vt -0.000000 0.438123 0.000000
vt -0.317500 0.584164 0.000000
vt -0.000000 0.584164 0.000000
vt -0.317500 0.730205 0.000000
vt -0.000000 0.730205 0.000000
vt -0.317500 0.876246 0.000000
vt -0.000000 0.876246 0.000000
vt -0.317500 1.022287 0.000000
vt -0.000000 1.022287 0.000000
vt -0.317500 1.168328 0.000000
vt -0.000000 1.168328 0.000000
vt -0.317500 1.314369 0.000000
vt -0.000000 1.314369 0.000000
vt -0.317500 1.460410 0.000000
vt -0.000000 1.460410 0.000000
vt -0.317500 0.000000 0.000000
vt -0.000000 0.000000 0.000000
vt -0.317500 0.053971 0.000000
vt -0.000000 0.053971 0.000000
vt -0.317500 0.107941 0.000000
vt -0.000000 0.107941 0.000000
vt -0.317500 0.161912 0.000000
vt -0.000000 0.161912 0.000000
vt -0.317500 0.215883 0.000000
vt -0.000000 0.215883 0.000000
vt 0.317500 2.277123 0.000000
vt 0.000000 2.277123 0.000000
vt 0.317500 1.707843 0.000000
vt 0.000000 1.707843 0.000000
vt 0.317500 1.138562 0.000000
vt 0.000000 1.138562 0.000000
vt 0.317500 0.569281 0.000000
vt 0.000000 0.569281 0.000000
vt 0.317500 0.000000 0.000000
vt 0.000000 0.000000 0.000000
vt -0.317500 0.000000 0.000000
vt -0.000000 -0.000000 0.000000
vt -0.317500 0.057429 0.000000
vt -0.000000 0.057429 0.000000
vt -0.317500 0.114857 0.000000
vt -0.000000 0.114857 0.000000
vt -0.317500 0.172286 0.000000
vt -0.000000 0.172286 0.000000
vt -0.317500 0.229715 0.000000
vt -0.000000 0.229715 0.000000
vt 0.317500 0.939497 0.000000
vt -0.000000 0.939497 0.000000
vt 0.317500 0.626332 0.000000
vt 0.000000 0.626332 0.000000
vt 0.000000 0.313166 0.000000
vt 0.000000 -0.000000 0.000000
vt 0.317500 -0.000000 0.000000
vt 0.317500 0.313166 0.000000
vt 0.317500 0.342565 0.000000
vt 0.000000 0.342565 0.000000
vt 0.317500 0.228377 0.000000
vt 0.000000 0.228377 0.000000
vt 0.000000 0.114188 0.000000
vt -0.000000 -0.000000 0.000000
vt 0.317500 0.000000 0.000000
vt 0.317500 0.114188 0.000000
vt 0.000000 0.000000 0.000000
vt 8.859061 0.000000 0.000000
vt -0.000000 0.317500 0.000000
vt 8.859061 0.317500 0.000000
vt 0.317500 0.176318 0.000000
vt 0.000000 0.176318 0.000000
vt 0.317500 0.117545 0.000000
vt 0.000000 0.117545 0.000000
vt 0.317500 0.058773 0.000000
vt 0.000000 0.058773 0.000000
vt 0.317500 0.000000 0.000000
vt 0.000000 0.000000 0.000000
vt 0.317500 1.888870 0.000000
vt -0.000000 1.888870 0.000000
vt 0.317500 1.678995 0.000000
vt 0.000000 1.678995 0.000000
vt 0.317500 1.469121 0.000000
vt -0.000000 1.469121 0.000000
vt 0.317500 1.259246 0.000000
vt -0.000000 1.259246 0.000000
vt 0.317500 1.049372 0.000000
vt -0.000000 1.049372 0.000000
vt 0.317500 0.839498 0.000000
vt -0.000000 0.839498 0.000000
vt 0.317500 0.629623 0.000000
vt -0.000000 0.629623 0.000000
vt 0.317500 0.419749 0.000000
vt -0.000000 0.419749 0.000000
vt 0.317500 0.209874 0.000000
vt -0.000000 0.209874 0.000000
vt 0.317500 0.000000 0.000000
vt -0.000000 0.000000 0.000000
vt 0.000000 0.000000 0.000000
vt 0.398104 0.000000 0.000000
vt -0.000000 0.317500 0.000000
vt 0.398104 0.317500 0.000000
vt -0.317500 -0.000000 0.000000
vt -0.000000 -0.000000 0.000000
vt -0.317500 0.026523 0.000000
vt -0.000000 0.026523 0.000000
vt -0.317500 0.053047 0.000000
vt -0.000000 0.053047 0.000000
vt -0.317500 0.079570 0.000000
vt -0.000000 0.079570 0.000000
vt -0.317500 0.106094 0.000000
vt -0.000000 0.106094 0.000000
vt -0.317500 0.000000 0.000000
vt -0.000000 0.000000 0.000000
vt -0.317500 0.093469 0.000000
vt -0.000000 0.093469 0.000000
vt -0.317500 0.186938 0.000000
vt -0.000000 0.186938 0.000000
vt -0.317500 0.280407 0.000000
vt -0.000000 0.280407 0.000000
vt -0.317500 0.373876 0.000000
vt -0.000000 0.373876 0.000000
vt -0.317500 0.467345 0.000000
vt -0.000000 0.467345 0.000000
vt -0.317500 0.560813 0.000000
vt -0.000000 0.560813 0.000000
vt -0.317500 0.654282 0.000000
vt -0.000000 0.654282 0.000000
vt -0.317500 0.000000 0.000000
vt -0.000000 0.000000 0.000000
vt -0.317500 0.362273 0.000000
vt -0.000000 0.362273 0.000000
vt -0.317500 0.724547 0.000000
vt -0.000000 0.724547 0.000000
vt -0.317500 1.086820 0.000000
vt -0.000000 1.086820 0.000000
vt -0.317500 1.449094 0.000000
vt -0.000000 1.449094 0.000000
vt -0.317500 1.811367 0.000000
vt -0.000000 1.811367 0.000000
vt -0.824221 2.490617 0.000000
vt -0.647310 2.561498 0.000000
vt -0.846280 2.526702 0.000000
vt -0.669474 2.605204 0.000000
vt -0.697360 2.645501 0.000000
vt -0.631277 2.515190 0.000000
vt -0.811749 2.450205 0.000000
vt -0.621671 2.467136 0.000000
vt -0.618670 2.418223 0.000000
vt -0.809636 2.407965 0.000000
vt -0.622330 2.369356 0.000000
vt -0.818012 2.366510 0.000000
vt -0.632583 2.321435 0.000000
vt -0.836359 2.328404 0.000000
vt -0.649239 2.275348 0.000000
vt -0.863543 2.296004 0.000000
vt -0.671991 2.231945 0.000000
vt -0.700418 2.192028 0.000000
vt -0.897881 2.271314 0.000000
vt -0.733995 2.156334 0.000000
vt -0.772102 2.125523 0.000000
vt -0.937250 2.255862 0.000000
vt -0.814035 2.100165 0.000000
vt -0.859020 2.080726 0.000000
vt -0.979214 2.250602 0.000000
vt -0.906225 2.067568 0.000000
vt -0.954779 2.060931 0.000000
vt -0.979214 2.060102 0.000000
vt -0.983325 2.250558 0.000000
vt -0.987434 2.250425 0.000000
vt -0.991538 2.250203 0.000000
vt -1.242238 2.226090 0.000000
vt -1.315498 2.016308 0.000000
vt -1.486615 2.165168 0.000000
vt -1.719297 2.068778 0.000000
vt -1.633540 1.898672 0.000000
vt -1.888568 1.956427 0.000000
vt -1.765120 1.811338 0.000000
vt -2.026575 1.807331 0.000000
vt -1.872397 1.695442 0.000000
vt -2.125535 1.629898 0.000000
vt -1.949321 1.557518 0.000000
vt -2.179867 1.434134 0.000000
vt -1.991555 1.405345 0.000000
vt -2.186507 1.231079 0.000000
vt -1.996717 1.247504 0.000000
vt -1.964515 1.092897 0.000000
vt -2.145081 1.032183 0.000000
vt -1.896766 0.950242 0.000000
vt -2.057925 0.848664 0.000000
vt -1.797290 0.827584 0.000000
vt -1.929953 0.690870 0.000000
vt -1.671697 0.731841 0.000000
vt -1.768384 0.567701 0.000000
vt -1.631968 0.712867 0.000000
vt -1.589560 0.701039 0.000000
vt -1.698859 0.534497 0.000000
vt -1.624644 0.513798 0.000000
vt -1.545747 0.696712 0.000000
vt -1.547971 0.506225 0.000000
vt 0.000163 0.576293 0.000000
vt 6.189803 0.415888 0.000000
vt 6.192027 0.606375 0.000000
vt 6.290991 0.426348 0.000000
vt 6.249849 0.612352 0.000000
vt 6.387152 0.459540 0.000000
vt 6.304798 0.631319 0.000000
vt 6.473248 0.513725 0.000000
vt 6.353995 0.662282 0.000000
vt 6.541839 0.566700 0.000000
vt 6.428247 0.719628 0.000000
vt 6.612371 0.617064 0.000000
vt 6.504598 0.774147 0.000000
vt 6.684743 0.664744 0.000000
vt 6.696151 0.670442 0.000000
vt 6.582942 0.825762 0.000000
vt 6.708467 0.673745 0.000000
vt 6.628573 0.848553 0.000000
vt 6.721195 0.674522 0.000000
vt 6.677838 0.861767 0.000000
vt 6.728749 0.864872 0.000000
vt 6.779254 0.857742 0.000000
vt 6.733821 0.672739 0.000000
vt 7.819194 0.588688 0.000000
vt 7.769204 0.404864 0.000000
vt 8.852169 0.294023 0.000000
vt 8.797652 0.111490 0.000000
vt 9.877548 -0.026073 0.000000
vt 9.818538 -0.207203 0.000000
vt 10.009425 -0.087942 0.000000
vt 9.907853 -0.249104 0.000000
vt 10.122134 -0.180224 0.000000
vt 9.984185 -0.311603 0.000000
vt 10.208810 -0.297300 0.000000
vt 10.042886 -0.390892 0.000000
vt 10.264174 -0.432038 0.000000
vt 10.080382 -0.482144 0.000000
vt 10.284853 -0.576231 0.000000
vt 10.094387 -0.579799 0.000000
vt 10.084048 -0.677910 0.000000
vt 10.269588 -0.721098 0.000000
vt 10.049997 -0.770502 0.000000
vt 10.219309 -0.857815 0.000000
vt 9.994306 -0.851934 0.000000
vt 10.137079 -0.978054 0.000000
vt 9.920368 -0.917247 0.000000
vt 10.027904 -1.074492 0.000000
vt 9.832685 -0.962463 0.000000
vt 9.898436 -1.141256 0.000000
vt 9.819624 -0.965745 0.000000
vt 9.846191 -1.154383 0.000000
vt 9.806164 -0.966198 0.000000
vt 9.792352 -1.156197 0.000000
vt 9.739342 -1.146616 0.000000
vt 9.689544 -1.126071 0.000000
vt 9.792912 -0.963803 0.000000
vt 9.780462 -0.958667 0.000000
vt 9.164608 -0.908488 0.000000
vt 9.218780 -0.725853 0.000000
vt 8.605931 -0.804659 0.000000
vt 8.620995 -0.614756 0.000000
vt 8.013170 -0.630219 0.000000
vt 8.037871 -0.819111 0.000000
vt 7.421808 -0.771569 0.000000
vt 7.485196 -0.951214 0.000000
vt 7.407846 -0.774782 0.000000
vt 7.429349 -0.964065 0.000000
vt 7.393520 -0.774783 0.000000
vt 7.372043 -0.964069 0.000000
vt 7.316194 -0.951226 0.000000
vt 7.264646 -0.926190 0.000000
vt 7.379557 -0.771572 0.000000
vt 7.366670 -0.765313 0.000000
vt 6.993753 -0.769225 0.000000
vt 7.082591 -0.600708 0.000000
vt 6.711181 -0.634417 0.000000
vt 6.786264 -0.459338 0.000000
vt 6.418736 -0.522629 0.000000
vt 6.479583 -0.342107 0.000000
vt 6.308709 -0.492307 0.000000
vt 6.348927 -0.306100 0.000000
vt 6.195976 -0.474516 0.000000
vt 6.215056 -0.284974 0.000000
vt 6.081959 -0.469482 0.000000
vt 6.079661 -0.278996 0.000000
vt -2.778756 -0.385884 0.000000
vt -2.776457 -0.576371 0.000000
vt -2.880542 -0.398960 0.000000
vt -2.834621 -0.583842 0.000000
vt -2.976617 -0.435029 0.000000
vt -2.889521 -0.604453 0.000000
vt -3.061860 -0.492170 0.000000
vt -2.938231 -0.637105 0.000000
vt -3.235824 -0.685108 0.000000
vt -3.078453 -0.792464 0.000000
vt -3.353954 -0.916482 0.000000
vt -3.173897 -0.978714 0.000000
vt -3.408208 -1.170539 0.000000
vt -3.218115 -1.183270 0.000000
vt -3.208120 -1.392311 0.000000
vt -3.394893 -1.429983 0.000000
vt -3.144587 -1.591715 0.000000
vt -3.314914 -1.677151 0.000000
vt -3.031808 -1.768009 0.000000
vt -3.173716 -1.895214 0.000000
vt -2.877404 -1.909280 0.000000
vt -2.980913 -2.069328 0.000000
vt -2.691806 -2.005985 0.000000
vt -2.749632 -2.187638 0.000000
vt -2.487554 -2.051590 0.000000
vt -2.495617 -2.242090 0.000000
vt -2.120304 -2.242090 0.000000
vt -2.101505 -2.279365 0.000000
vt -1.909735 -2.257340 0.000000
vt -1.942014 -2.169890 0.000000
vt -1.995273 -2.093386 0.000000
vt -2.091975 -2.320009 0.000000
vt -1.900516 -2.350099 0.000000
vt -2.092247 -2.361756 0.000000
vt -1.914951 -2.442192 0.000000
vt -2.102304 -2.402273 0.000000
vt -2.121587 -2.439301 0.000000
vt -1.952110 -2.527682 0.000000
vt -2.149017 -2.470771 0.000000
vt -2.009599 -2.601061 0.000000
vt -2.183066 -2.494927 0.000000
vt -2.083712 -2.657599 0.000000
vt -2.468437 -2.641296 0.000000
vt -2.406032 -2.821361 0.000000
vt -2.779033 -2.721239 0.000000
vt -2.756423 -2.910434 0.000000
vt -3.099608 -2.730833 0.000000
vt -3.117820 -2.920479 0.000000
vt -3.472618 -2.851008 0.000000
vt -3.414429 -2.669608 0.000000
vt -3.803537 -2.705403 0.000000
vt -3.708042 -2.540567 0.000000
vt -4.160690 -2.546050 0.000000
vt -4.101804 -2.364880 0.000000
vt -4.543282 -2.464964 0.000000
vt -4.523613 -2.275483 0.000000
vt -4.954790 -2.276334 0.000000
vt -4.934372 -2.465737 0.000000
vt -5.376242 -2.367397 0.000000
vt -5.316641 -2.548334 0.000000
vt -5.800114 -2.516969 0.000000
vt -5.732962 -2.695240 0.000000
vt -6.217325 -2.684221 0.000000
vt -6.142740 -2.859513 0.000000
vt -6.627139 -2.868860 0.000000
vt -6.545253 -3.040863 0.000000
vt -7.261289 -3.096274 0.000000
vt -7.215206 -3.281116 0.000000
vt -7.927978 -3.193172 0.000000
vt -7.919535 -3.383485 0.000000
vt -8.630162 -3.343888 0.000000
vt -8.600629 -3.155691 0.000000
vt -9.318759 -3.163905 0.000000
vt -9.252426 -2.985327 0.000000
vt -9.590291 -3.026564 0.000000
vt -9.485750 -2.867312 0.000000
vt -9.824291 -2.832049 0.000000
vt -9.686823 -2.700167 0.000000
vt -10.008938 -2.590186 0.000000
vt -9.845488 -2.492337 0.000000
vt -10.134903 -2.313194 0.000000
vt -9.953728 -2.254321 0.000000
vt -10.195823 -2.015065 0.000000
vt -10.006076 -1.998143 0.000000
vt -10.265649 -0.945098 0.000000
vt -10.075312 -0.937216 0.000000
vt -10.284527 0.126979 0.000000
vt -10.094031 0.125803 0.000000
vt -10.062191 1.188510 0.000000
vt -10.252416 1.198741 0.000000
vt -9.972658 1.721287 0.000000
vt -10.155778 1.773797 0.000000
vt -9.766253 2.220551 0.000000
vt -9.932994 2.312680 0.000000
vt -9.453431 2.661017 0.000000
vt -9.595347 2.788099 0.000000
vt -9.275015 2.827116 0.000000
vt -9.391639 2.977745 0.000000
vt -9.069529 2.958251 0.000000
vt -9.157022 3.127470 0.000000
vt -8.843734 3.050105 0.000000
vt -8.899217 3.232347 0.000000
vt -8.118030 3.186639 0.000000
vt -8.132570 3.376583 0.000000
vt -7.352901 3.350711 0.000000
vt -7.380001 3.162148 0.000000
vt -6.597503 3.155968 0.000000
vt -6.664945 2.977806 0.000000
vt -5.902503 2.801669 0.000000
vt -6.007063 2.642429 0.000000
vt -5.408878 2.553088 0.000000
vt -5.473331 2.373818 0.000000
vt -4.871710 2.423053 0.000000
vt -4.892486 2.233673 0.000000
vt -4.319048 2.418355 0.000000
vt -4.294989 2.229342 0.000000
vt -3.712174 2.361054 0.000000
vt -3.779747 2.539238 0.000000
vt -3.174605 2.621899 0.000000
vt -3.281967 2.779390 0.000000
vt -2.814740 2.830393 0.000000
vt -2.887105 3.006685 0.000000
vt -2.418583 2.957011 0.000000
vt -2.452823 3.144446 0.000000
vt -2.004504 2.995882 0.000000
vt -1.999144 3.186323 0.000000
vt -1.546983 3.130385 0.000000
vt -1.591704 2.945205 0.000000
vt -1.117186 2.979211 0.000000
vt -1.199324 2.807328 0.000000
vt -0.960966 2.889545 0.000000
vt -1.067953 2.731926 0.000000
vt -0.819960 2.777463 0.000000
vt -0.949378 2.637673 0.000000
vt -2.089450 -2.051590 0.000000
vt -2.014984 -2.075712 0.000000
vt -2.037932 -2.062508 0.000000
vt -2.063119 -2.054349 0.000000
vt -0.979211 2.059904 0.000000
vt -0.954722 2.060102 0.000000
vt 0.937250 2.255862 0.000000
vt 0.859020 2.080726 0.000000
vt 0.979214 2.250602 0.000000
vt 0.906225 2.067568 0.000000
vt 0.954779 2.060931 0.000000
vt 0.897881 2.271314 0.000000
vt 0.772102 2.125523 0.000000
vt 0.814035 2.100165 0.000000
vt 0.863543 2.296004 0.000000
vt 0.700418 2.192028 0.000000
vt 0.733995 2.156334 0.000000
vt 0.836359 2.328404 0.000000
vt 0.649239 2.275348 0.000000
vt 0.671991 2.231945 0.000000
vt 0.632583 2.321435 0.000000
vt 0.818012 2.366510 0.000000
vt 0.622330 2.369356 0.000000
vt 0.809636 2.407965 0.000000
vt 0.618670 2.418223 0.000000
vt 0.811749 2.450205 0.000000
vt 0.621671 2.467136 0.000000
vt 0.631277 2.515190 0.000000
vt 0.824221 2.490617 0.000000
vt 0.647310 2.561498 0.000000
vt 0.846280 2.526702 0.000000
vt 0.669474 2.605204 0.000000
vt 0.697360 2.645501 0.000000
vt 0.949378 2.637673 0.000000
vt 0.819960 2.777463 0.000000
vt 1.067953 2.731926 0.000000
vt 0.960966 2.889545 0.000000
vt 1.199324 2.807328 0.000000
vt 1.117186 2.979211 0.000000
vt 1.591704 2.945205 0.000000
vt 1.546983 3.130385 0.000000
vt 2.004504 2.995882 0.000000
vt 1.999144 3.186323 0.000000
vt 2.452823 3.144446 0.000000
vt 2.418583 2.957011 0.000000
vt 2.887105 3.006685 0.000000
vt 2.814740 2.830393 0.000000
vt 3.281967 2.779390 0.000000
vt 3.174605 2.621899 0.000000
vt 3.779747 2.539238 0.000000
vt 3.712174 2.361054 0.000000
vt 4.319048 2.418355 0.000000
vt 4.294989 2.229342 0.000000
vt 4.892486 2.233673 0.000000
vt 4.871710 2.423053 0.000000
vt 5.473331 2.373818 0.000000
vt 5.408878 2.553088 0.000000
vt 6.007063 2.642429 0.000000
vt 5.902503 2.801669 0.000000
vt 6.664945 2.977806 0.000000
vt 6.597503 3.155968 0.000000
vt 7.380001 3.162148 0.000000
vt 7.352901 3.350711 0.000000
vt 8.118030 3.186639 0.000000
vt 8.132570 3.376583 0.000000
vt 8.899217 3.232347 0.000000
vt 8.843734 3.050105 0.000000
vt 9.157022 3.127470 0.000000
vt 9.069529 2.958251 0.000000
vt 9.391639 2.977745 0.000000
vt 9.275015 2.827116 0.000000
vt 9.595347 2.788099 0.000000
vt 9.453431 2.661017 0.000000
vt 9.932994 2.312680 0.000000
vt 9.766253 2.220551 0.000000
vt 10.155778 1.773797 0.000000
vt 9.972658 1.721287 0.000000
vt 10.252416 1.198741 0.000000
vt 10.062191 1.188510 0.000000
vt 10.284527 0.126979 0.000000
vt 10.094031 0.125803 0.000000
vt 10.075312 -0.937216 0.000000
vt 10.265649 -0.945098 0.000000
vt 10.006076 -1.998143 0.000000
vt 10.195823 -2.015065 0.000000
vt 9.953728 -2.254321 0.000000
vt 10.134903 -2.313194 0.000000
vt 9.845488 -2.492337 0.000000
vt 10.008938 -2.590186 0.000000
vt 9.686823 -2.700167 0.000000
vt 9.824291 -2.832049 0.000000
vt 9.485750 -2.867312 0.000000
vt 9.590291 -3.026564 0.000000
vt 9.252426 -2.985327 0.000000
vt 9.318759 -3.163905 0.000000
vt 8.600629 -3.155691 0.000000
vt 8.630162 -3.343888 0.000000
vt 7.927978 -3.193172 0.000000
vt 7.919535 -3.383485 0.000000
vt 7.215206 -3.281116 0.000000
vt 7.261289 -3.096274 0.000000
vt 6.545253 -3.040863 0.000000
vt 6.627139 -2.868860 0.000000
vt 6.142740 -2.859513 0.000000
vt 6.217325 -2.684221 0.000000
vt 5.732962 -2.695240 0.000000
vt 5.800114 -2.516969 0.000000
vt 5.316641 -2.548334 0.000000
vt 5.376242 -2.367397 0.000000
vt 4.934372 -2.465737 0.000000
vt 4.954790 -2.276334 0.000000
vt 4.543282 -2.464964 0.000000
vt 4.523613 -2.275483 0.000000
vt 4.101804 -2.364880 0.000000
vt 4.160690 -2.546050 0.000000
vt 3.708042 -2.540567 0.000000
vt 3.803537 -2.705403 0.000000
vt 3.414429 -2.669608 0.000000
vt 3.472618 -2.851008 0.000000
vt 3.099608 -2.730833 0.000000
vt 3.117820 -2.920479 0.000000
vt 2.756423 -2.910434 0.000000
vt 2.779033 -2.721239 0.000000
vt 2.406032 -2.821361 0.000000
vt 2.468437 -2.641296 0.000000
vt 2.083712 -2.657599 0.000000
vt 2.183066 -2.494927 0.000000
vt 2.009599 -2.601061 0.000000
vt 2.149017 -2.470771 0.000000
vt 1.952110 -2.527682 0.000000
vt 2.121587 -2.439301 0.000000
vt 1.914951 -2.442192 0.000000
vt 2.102304 -2.402273 0.000000
vt 2.092247 -2.361756 0.000000
vt 1.900516 -2.350099 0.000000
vt 2.091975 -2.320009 0.000000
vt 1.909735 -2.257340 0.000000
vt 2.101505 -2.279365 0.000000
vt 2.120304 -2.242090 0.000000
vt 2.495617 -2.242090 0.000000
vt 2.487554 -2.051590 0.000000
vt 2.089450 -2.051590 0.000000
vt 1.995273 -2.093386 0.000000
vt 2.014984 -2.075712 0.000000
vt 2.037932 -2.062508 0.000000
vt 2.063119 -2.054349 0.000000
vt 2.749632 -2.187638 0.000000
vt 2.691806 -2.005985 0.000000
vt 2.980913 -2.069328 0.000000
vt 2.877404 -1.909280 0.000000
vt 3.173716 -1.895214 0.000000
vt 3.031808 -1.768009 0.000000
vt 3.314914 -1.677151 0.000000
vt 3.144587 -1.591715 0.000000
vt 3.394893 -1.429983 0.000000
vt 3.208120 -1.392311 0.000000
vt 3.408208 -1.170539 0.000000
vt 3.218115 -1.183270 0.000000
vt 3.173897 -0.978714 0.000000
vt 3.353954 -0.916482 0.000000
vt 3.078453 -0.792464 0.000000
vt 3.235824 -0.685108 0.000000
vt 2.938231 -0.637105 0.000000
vt 3.061860 -0.492170 0.000000
vt 2.889521 -0.604453 0.000000
vt 2.976617 -0.435029 0.000000
vt 2.834621 -0.583842 0.000000
vt 2.880542 -0.398960 0.000000
vt 2.776457 -0.576371 0.000000
vt 2.778756 -0.385884 0.000000
vt -6.081959 -0.469482 0.000000
vt -6.079661 -0.278996 0.000000
vt -6.215056 -0.284974 0.000000
vt -6.195976 -0.474516 0.000000
vt -6.348927 -0.306100 0.000000
vt -6.308709 -0.492307 0.000000
vt -6.479583 -0.342107 0.000000
vt -6.418736 -0.522629 0.000000
vt -6.786264 -0.459338 0.000000
vt -6.711181 -0.634417 0.000000
vt -7.082591 -0.600708 0.000000
vt -6.993753 -0.769225 0.000000
vt -7.366670 -0.765313 0.000000
vt -7.264646 -0.926190 0.000000
vt -7.379557 -0.771572 0.000000
vt -7.393520 -0.774783 0.000000
vt -7.407846 -0.774782 0.000000
vt -7.429349 -0.964065 0.000000
vt -7.372043 -0.964069 0.000000
vt -7.316194 -0.951226 0.000000
vt -7.485196 -0.951214 0.000000
vt -7.421808 -0.771569 0.000000
vt -8.037871 -0.819111 0.000000
vt -8.013170 -0.630219 0.000000
vt -8.605931 -0.804659 0.000000
vt -8.620995 -0.614756 0.000000
vt -9.218780 -0.725853 0.000000
vt -9.164608 -0.908488 0.000000
vt -9.780462 -0.958667 0.000000
vt -9.689544 -1.126071 0.000000
vt -9.792912 -0.963803 0.000000
vt -9.806164 -0.966198 0.000000
vt -9.819624 -0.965745 0.000000
vt -9.846191 -1.154383 0.000000
vt -9.792352 -1.156197 0.000000
vt -9.739342 -1.146616 0.000000
vt -9.898436 -1.141256 0.000000
vt -9.832685 -0.962463 0.000000
vt -10.027904 -1.074492 0.000000
vt -9.920368 -0.917247 0.000000
vt -10.137079 -0.978054 0.000000
vt -9.994306 -0.851934 0.000000
vt -10.219309 -0.857815 0.000000
vt -10.049997 -0.770502 0.000000
vt -10.269588 -0.721098 0.000000
vt -10.084048 -0.677910 0.000000
vt -10.284853 -0.576231 0.000000
vt -10.094387 -0.579799 0.000000
vt -10.080382 -0.482144 0.000000
vt -10.264174 -0.432038 0.000000
vt -10.042886 -0.390892 0.000000
vt -10.208810 -0.297300 0.000000
vt -9.984185 -0.311603 0.000000
vt -10.122134 -0.180224 0.000000
vt -9.907853 -0.249104 0.000000
vt -10.009425 -0.087942 0.000000
vt -9.818538 -0.207203 0.000000
vt -9.877548 -0.026073 0.000000
vt -8.797652 0.111490 0.000000
vt -8.852169 0.294023 0.000000
vt -7.769204 0.404864 0.000000
vt -7.819194 0.588688 0.000000
vt -6.733821 0.672739 0.000000
vt -6.779254 0.857742 0.000000
vt -6.721195 0.674522 0.000000
vt -6.728749 0.864872 0.000000
vt -6.677838 0.861767 0.000000
vt -6.628573 0.848553 0.000000
vt -6.708467 0.673745 0.000000
vt -6.582942 0.825762 0.000000
vt -6.696151 0.670442 0.000000
vt -6.504598 0.774147 0.000000
vt -6.684743 0.664744 0.000000
vt -6.612371 0.617064 0.000000
vt -6.428247 0.719628 0.000000
vt -6.541839 0.566700 0.000000
vt -6.353995 0.662282 0.000000
vt -6.473248 0.513725 0.000000
vt -6.304798 0.631319 0.000000
vt -6.387152 0.459540 0.000000
vt -6.249849 0.612352 0.000000
vt -6.290991 0.426348 0.000000
vt -6.192027 0.606375 0.000000
vt -6.189803 0.415888 0.000000
vt -0.000163 0.576293 0.000000
vt 1.547971 0.506225 0.000000
vt 1.545747 0.696712 0.000000
vt 1.624644 0.513798 0.000000
vt 1.589560 0.701039 0.000000
vt 1.698859 0.534497 0.000000
vt 1.768384 0.567701 0.000000
vt 1.929953 0.690870 0.000000
vt 1.671697 0.731841 0.000000
vt 1.631968 0.712867 0.000000
vt 1.797290 0.827584 0.000000
vt 2.057925 0.848664 0.000000
vt 1.896766 0.950242 0.000000
vt 2.145081 1.032183 0.000000
vt 1.964515 1.092897 0.000000
vt 2.186507 1.231079 0.000000
vt 1.996717 1.247504 0.000000
vt 1.991555 1.405345 0.000000
vt 2.179867 1.434134 0.000000
vt 1.949321 1.557518 0.000000
vt 2.125535 1.629898 0.000000
vt 1.872397 1.695442 0.000000
vt 2.026575 1.807331 0.000000
vt 1.765120 1.811338 0.000000
vt 1.888568 1.956427 0.000000
vt 1.633540 1.898672 0.000000
vt 1.719297 2.068778 0.000000
vt 1.315498 2.016308 0.000000
vt 1.486615 2.165168 0.000000
vt 1.242238 2.226090 0.000000
vt 0.979214 2.060102 0.000000
vt 0.991538 2.250203 0.000000
vt 0.987434 2.250425 0.000000
vt 0.983325 2.250558 0.000000
vt 0.954722 2.060102 0.000000
vt 0.979211 2.059904 0.000000
vt 1.942014 -2.169890 0.000000
vn -0.431166 0.000000 0.902273
vn -0.431166 0.000000 0.902273
vn -0.561613 0.000000 0.827400
vn -0.561613 0.000000 0.827400
vn -0.679356 0.000000 0.733809
vn -0.781729 0.000000 0.623618
vn -0.781729 0.000000 0.623618
vn -0.679356 0.000000 0.733809
vn 0.591554 -0.000000 0.806265
vn 0.591554 -0.000000 0.806265
vn 0.405231 -0.000000 0.914214
vn 0.405231 -0.000000 0.914214
vn 0.200117 -0.000000 0.979772
vn 0.200117 -0.000000 0.979772
vn -0.014276 0.000000 0.999898
vn -0.014276 0.000000 0.999898
vn -0.228007 0.000000 0.973659
vn -0.228007 0.000000 0.973659
vn -0.548870 -0.000000 0.835908
vn -0.548870 -0.000000 0.835908
vn -0.344312 -0.000000 0.938855
vn -0.344312 -0.000000 0.938855
vn -0.121698 -0.000000 0.992567
vn -0.121698 -0.000000 0.992567
vn 0.107298 -0.000000 0.994227
vn 0.107298 -0.000000 0.994227
vn 0.330668 -0.000000 0.943747
vn 0.330668 -0.000000 0.943747
vn 0.536696 -0.000000 0.843776
vn 0.536696 -0.000000 0.843776
vn 0.291250 -0.000000 0.956647
vn 0.291250 -0.000000 0.956647
vn 0.076323 -0.000000 0.997083
vn 0.076323 -0.000000 0.997083
vn -0.142255 0.000000 0.989830
vn -0.142255 0.000000 0.989830
vn -0.354029 0.000000 0.935234
vn -0.354029 0.000000 0.935234
vn 0.744970 -0.000000 0.667098
vn 0.744970 -0.000000 0.667098
vn 0.612198 -0.000000 0.790704
vn 0.612198 -0.000000 0.790704
vn 0.459281 -0.000000 0.888291
vn 0.459281 -0.000000 0.888291
vn 0.998557 -0.000000 0.053706
vn 0.998557 -0.000000 0.053706
vn 0.961261 -0.000000 0.275641
vn 0.961261 -0.000000 0.275641
vn 0.875280 -0.000000 0.483616
vn 0.875280 -0.000000 0.483616
vn 0.996047 0.000000 -0.088830
vn 0.996047 0.000000 -0.088830
vn 0.999144 0.000000 -0.041375
vn 0.999144 0.000000 -0.041375
vn 0.999981 -0.000000 0.006172
vn 0.999981 -0.000000 0.006172
vn 0.348204 0.000000 -0.937419
vn 0.348204 0.000000 -0.937419
vn 0.548771 0.000000 -0.835972
vn 0.548771 0.000000 -0.835972
vn 0.721615 0.000000 -0.692294
vn 0.721615 0.000000 -0.692294
vn 0.858004 0.000000 -0.513642
vn 0.858004 0.000000 -0.513642
vn 0.951048 0.000000 -0.309042
vn 0.951048 0.000000 -0.309042
vn -0.429847 0.000000 -0.902902
vn -0.429847 0.000000 -0.902902
vn -0.241905 0.000000 -0.970300
vn -0.241905 0.000000 -0.970300
vn -0.044320 0.000000 -0.999017
vn -0.044320 0.000000 -0.999017
vn 0.155032 0.000000 -0.987909
vn 0.155032 0.000000 -0.987909
vn 0.348204 0.000000 -0.937419
vn 0.348204 0.000000 -0.937419
vn -0.312867 0.000000 -0.949797
vn -0.312867 0.000000 -0.949797
vn -0.352506 0.000000 -0.935810
vn -0.352506 0.000000 -0.935810
vn -0.391523 0.000000 -0.920168
vn -0.391523 0.000000 -0.920168
vn 0.501283 -0.000000 -0.865283
vn 0.501283 -0.000000 -0.865283
vn 0.309111 -0.000000 -0.951026
vn 0.309111 -0.000000 -0.951026
vn 0.103251 -0.000000 -0.994655
vn 0.103251 -0.000000 -0.994655
vn -0.107181 0.000000 -0.994240
vn -0.107181 0.000000 -0.994240
vn -0.552132 0.000000 -0.833757
vn -0.552132 0.000000 -0.833757
vn -0.355005 0.000000 -0.934865
vn -0.355005 0.000000 -0.934865
vn -0.140453 0.000000 -0.990087
vn -0.140453 0.000000 -0.990087
vn 0.080992 0.000000 -0.996715
vn 0.080992 0.000000 -0.996715
vn 0.298462 0.000000 -0.954421
vn 0.298462 0.000000 -0.954421
vn -0.833428 0.000000 0.552628
vn -0.833428 0.000000 0.552628
vn -0.939816 0.000000 0.341682
vn -0.939816 0.000000 0.341682
vn -0.993746 0.000000 0.111665
vn -0.993746 0.000000 0.111665
vn -0.992209 0.000000 -0.124584
vn -0.992209 0.000000 -0.124584
vn -0.935291 0.000000 -0.353880
vn -0.935291 0.000000 -0.353880
vn -0.826168 0.000000 -0.563423
vn -0.826168 0.000000 -0.563423
vn -0.670932 0.000000 -0.741519
vn -0.670932 0.000000 -0.741519
vn -0.478247 0.000000 -0.878225
vn -0.478247 0.000000 -0.878225
vn 0.000000 -0.000000 1.000000
vn 0.000000 -0.000000 1.000000
vn 0.000000 -0.000000 1.000000
vn 0.000000 -0.000000 1.000000
vn -0.648971 0.000000 -0.760813
vn -0.648971 0.000000 -0.760813
vn -0.823697 0.000000 -0.567030
vn -0.823697 0.000000 -0.567030
vn -0.942345 0.000000 -0.334642
vn -0.942345 0.000000 -0.334642
vn -0.996837 0.000000 -0.079472
vn -0.996837 0.000000 -0.079472
vn -0.983463 -0.000000 0.181109
vn -0.983463 -0.000000 0.181109
vn -0.903133 -0.000000 0.429360
vn -0.903133 -0.000000 0.429360
vn -0.761317 -0.000000 0.648380
vn -0.761317 -0.000000 0.648380
vn -0.567669 -0.000000 0.823257
vn -0.567669 -0.000000 0.823257
vn -0.335374 -0.000000 0.942085
vn -0.335374 -0.000000 0.942085
vn -0.080246 -0.000000 0.996775
vn -0.080246 -0.000000 0.996775
vn -0.012065 0.000000 -0.999927
vn -0.012065 0.000000 -0.999927
vn -0.241056 0.000000 -0.970511
vn -0.241056 0.000000 -0.970511
vn -0.457198 0.000000 -0.889365
vn -0.457198 0.000000 -0.889365
vn -0.012065 0.000000 -0.999927
vn -0.012065 0.000000 -0.999927
vn 0.319408 -0.000000 -0.947617
vn 0.319408 -0.000000 -0.947617
vn 0.211114 -0.000000 -0.977461
vn 0.211114 -0.000000 -0.977461
vn 0.100156 -0.000000 -0.994972
vn 0.100156 -0.000000 -0.994972
vn 0.535562 -0.000000 -0.844496
vn 0.535562 -0.000000 -0.844496
vn 0.466342 -0.000000 -0.884605
vn 0.466342 -0.000000 -0.884605
vn 0.394136 -0.000000 -0.919052
vn 0.394136 -0.000000 -0.919052
vn -0.332748 0.000000 -0.943016
vn -0.332748 0.000000 -0.943016
vn -0.112878 0.000000 -0.993609
vn -0.112878 0.000000 -0.993609
vn 0.112739 0.000000 -0.993625
vn 0.112739 0.000000 -0.993625
vn 0.332616 0.000000 -0.943062
vn 0.332616 0.000000 -0.943062
vn 0.477258 -0.000000 -0.878763
vn 0.477258 -0.000000 -0.878763
vn 0.284366 -0.000000 -0.958716
vn 0.284366 -0.000000 -0.958716
vn 0.079075 -0.000000 -0.996869
vn 0.079075 -0.000000 -0.996869
vn -0.129663 0.000000 -0.991558
vn -0.129663 0.000000 -0.991558
vn -0.345151 0.000000 -0.938547
vn -0.345151 0.000000 -0.938547
vn -0.139461 0.000000 -0.990228
vn -0.139461 0.000000 -0.990228
vn 0.072503 0.000000 -0.997368
vn 0.072503 0.000000 -0.997368
vn 0.281205 0.000000 -0.959648
vn 0.281205 0.000000 -0.959648
vn -0.309761 0.000000 0.950814
vn -0.309761 0.000000 0.950814
vn -0.533190 0.000000 0.845995
vn -0.533190 0.000000 0.845995
vn -0.724144 0.000000 0.689649
vn -0.724144 0.000000 0.689649
vn -0.870992 0.000000 0.491298
vn -0.870992 0.000000 0.491298
vn -0.964790 0.000000 0.263023
vn -0.964790 0.000000 0.263023
vn -0.999825 0.000000 0.018728
vn -0.999825 0.000000 0.018728
vn -0.973963 0.000000 -0.226708
vn -0.973963 0.000000 -0.226708
vn -0.888779 0.000000 -0.458335
vn -0.888779 0.000000 -0.458335
vn -0.749463 0.000000 -0.662047
vn -0.749463 0.000000 -0.662047
vn -0.564498 0.000000 -0.825435
vn -0.564498 0.000000 -0.825435
vn -0.238494 0.000000 0.971144
vn -0.238494 0.000000 0.971144
vn -0.262415 0.000000 0.964955
vn -0.262415 0.000000 0.964955
vn -0.286175 0.000000 0.958177
vn -0.286175 0.000000 0.958177
vn 0.534389 -0.000000 0.845239
vn 0.534389 -0.000000 0.845239
vn 0.354739 -0.000000 0.934965
vn 0.354739 -0.000000 0.934965
vn 0.160784 -0.000000 0.986990
vn 0.160784 -0.000000 0.986990
vn -0.039655 0.000000 0.999213
vn -0.039655 0.000000 0.999213
vn -0.238494 0.000000 0.971144
vn -0.238494 0.000000 0.971144
vn 0.625997 -0.000000 0.779825
vn 0.625997 -0.000000 0.779825
vn 0.596287 -0.000000 0.802771
vn 0.596287 -0.000000 0.802771
vn 0.565737 -0.000000 0.824586
vn 0.565737 -0.000000 0.824586
vn 0.534389 -0.000000 0.845239
vn 0.534389 -0.000000 0.845239
vn -0.011674 -0.000000 0.999932
vn -0.011674 -0.000000 0.999932
vn 0.215972 -0.000000 0.976400
vn 0.215972 -0.000000 0.976400
vn 0.432306 -0.000000 0.901727
vn 0.432306 -0.000000 0.901727
vn -0.011674 0.000000 0.999932
vn -0.011674 0.000000 0.999932
vn -0.507541 -0.000000 0.861627
vn -0.507541 -0.000000 0.861627
vn -0.351130 -0.000000 0.936327
vn -0.351130 -0.000000 0.936327
vn -0.184168 -0.000000 0.982895
vn -0.184168 -0.000000 0.982895
vn -0.450165 0.000000 -0.892946
vn -0.450165 0.000000 -0.892946
vn -0.648022 0.000000 -0.761622
vn -0.648022 0.000000 -0.761622
vn -0.809335 0.000000 -0.587347
vn -0.809335 0.000000 -0.587347
vn -0.925007 0.000000 -0.379950
vn -0.925007 0.000000 -0.379950
vn -0.988515 0.000000 -0.151126
vn -0.988515 0.000000 -0.151126
vn -0.996276 -0.000000 0.086221
vn -0.996276 -0.000000 0.086221
vn -0.947854 -0.000000 0.318705
vn -0.947854 -0.000000 0.318705
vn -0.845979 -0.000000 0.533216
vn -0.845979 -0.000000 0.533216
vn -0.696396 -0.000000 0.717657
vn -0.696396 -0.000000 0.717657
vn -0.021677 0.000000 -0.999765
vn -0.021677 0.000000 -0.999765
vn -0.169283 0.000000 -0.985567
vn -0.169283 0.000000 -0.985567
vn -0.313167 0.000000 -0.949698
vn -0.450165 0.000000 -0.892946
vn -0.450165 0.000000 -0.892946
vn -0.313167 0.000000 -0.949698
vn -0.000000 0.000000 -1.000000
vn -0.000000 0.000000 -1.000000
vn -0.021578 0.000000 -0.999767
vn -0.021578 0.000000 -0.999767
vn -0.043146 0.000000 -0.999069
vn -0.043146 0.000000 -0.999069
vn -0.064694 0.000000 -0.997905
vn -0.064694 0.000000 -0.997905
vn -0.911446 0.000000 0.411420
vn -0.911446 0.000000 0.411420
vn -0.984786 0.000000 0.173773
vn -0.984786 0.000000 0.173773
vn -0.997212 0.000000 -0.074621
vn -0.997212 0.000000 -0.074621
vn -0.947956 0.000000 -0.318401
vn -0.947956 0.000000 -0.318401
vn -0.840065 0.000000 -0.542485
vn -0.840065 0.000000 -0.542485
vn -0.680213 0.000000 -0.733015
vn -0.680213 0.000000 -0.733015
vn -0.478286 0.000000 -0.878204
vn -0.478286 0.000000 -0.878204
vn -0.246775 0.000000 -0.969073
vn -0.246775 0.000000 -0.969073
vn 0.312867 -0.000000 0.949797
vn 0.312867 -0.000000 0.949797
vn 0.107181 -0.000000 0.994240
vn 0.107181 -0.000000 0.994240
vn -0.103251 0.000000 0.994655
vn -0.103251 0.000000 0.994655
vn -0.309111 0.000000 0.951026
vn -0.309111 0.000000 0.951026
vn -0.501283 0.000000 0.865283
vn -0.501283 0.000000 0.865283
vn 0.429847 -0.000000 0.902902
vn 0.429847 -0.000000 0.902902
vn 0.391523 -0.000000 0.920168
vn 0.391523 -0.000000 0.920168
vn 0.352506 -0.000000 0.935810
vn 0.352506 -0.000000 0.935810
vn -0.348204 -0.000000 0.937419
vn -0.348204 -0.000000 0.937419
vn -0.155032 -0.000000 0.987909
vn -0.155032 -0.000000 0.987909
vn 0.044320 -0.000000 0.999017
vn 0.044320 -0.000000 0.999017
vn 0.241905 -0.000000 0.970300
vn 0.241905 -0.000000 0.970300
vn -0.996047 -0.000000 0.088830
vn -0.996047 -0.000000 0.088830
vn -0.951048 -0.000000 0.309042
vn -0.951048 -0.000000 0.309042
vn -0.858004 -0.000000 0.513642
vn -0.858004 -0.000000 0.513642
vn -0.721615 -0.000000 0.692294
vn -0.721615 -0.000000 0.692294
vn -0.548771 -0.000000 0.835972
vn -0.548771 -0.000000 0.835972
vn -0.348204 -0.000000 0.937419
vn -0.348204 -0.000000 0.937419
vn -0.998557 0.000000 -0.053706
vn -0.998557 0.000000 -0.053706
vn -0.999981 0.000000 -0.006172
vn -0.999981 0.000000 -0.006172
vn -0.999144 -0.000000 0.041375
vn -0.999144 -0.000000 0.041375
vn -0.744970 0.000000 -0.667098
vn -0.744970 0.000000 -0.667098
vn -0.875280 0.000000 -0.483616
vn -0.875280 0.000000 -0.483616
vn -0.961261 0.000000 -0.275641
vn -0.961261 0.000000 -0.275641
vn -0.291250 0.000000 -0.956647
vn -0.291250 0.000000 -0.956647
vn -0.459281 0.000000 -0.888291
vn -0.459281 0.000000 -0.888291
vn -0.612198 0.000000 -0.790704
vn -0.612198 0.000000 -0.790704
vn 0.548870 -0.000000 -0.835908
vn 0.548870 -0.000000 -0.835908
vn 0.354029 -0.000000 -0.935234
vn 0.354029 -0.000000 -0.935234
vn 0.142255 -0.000000 -0.989830
vn 0.142255 -0.000000 -0.989830
vn -0.076323 0.000000 -0.997083
vn -0.076323 0.000000 -0.997083
vn -0.534579 0.000000 -0.845119
vn -0.534579 0.000000 -0.845119
vn -0.328774 0.000000 -0.944409
vn -0.328774 0.000000 -0.944409
vn -0.105802 0.000000 -0.994387
vn -0.105802 0.000000 -0.994387
vn 0.122694 0.000000 -0.992445
vn 0.122694 0.000000 -0.992445
vn 0.344783 0.000000 -0.938682
vn 0.344783 0.000000 -0.938682
vn 0.431166 -0.000000 -0.902273
vn 0.431166 -0.000000 -0.902273
vn 0.228613 -0.000000 -0.973517
vn 0.228613 -0.000000 -0.973517
vn 0.015521 -0.000000 -0.999880
vn 0.015521 -0.000000 -0.999880
vn -0.198288 0.000000 -0.980144
vn -0.198288 0.000000 -0.980144
vn -0.402954 0.000000 -0.915220
vn -0.402954 0.000000 -0.915220
vn -0.589043 0.000000 -0.808102
vn -0.589043 0.000000 -0.808102
vn 0.781729 -0.000000 -0.623618
vn 0.781729 -0.000000 -0.623618
vn 0.679356 -0.000000 -0.733809
vn 0.679356 -0.000000 -0.733809
vn 0.561613 -0.000000 -0.827400
vn 0.561613 -0.000000 -0.827400
vn -0.000000 -0.000000 1.000000
vn -0.000000 -0.000000 1.000000
vn 0.067773 -0.000000 0.997701
vn 0.067773 -0.000000 0.997701
vn 0.202437 -0.000000 0.979295
vn 0.202437 -0.000000 0.979295
vn 0.333361 -0.000000 0.942799
vn 0.458127 -0.000000 0.888887
vn 0.458127 -0.000000 0.888887
vn 0.333361 -0.000000 0.942799
vn 0.574431 -0.000000 0.818553
vn 0.574431 -0.000000 0.818553
vn 0.680122 -0.000000 0.733099
vn 0.680122 -0.000000 0.733099
vn 0.773250 -0.000000 0.634102
vn 0.773250 -0.000000 0.634102
vn 0.852093 -0.000000 0.523391
vn 0.915195 -0.000000 0.403011
vn 0.915195 -0.000000 0.403011
vn 0.852093 -0.000000 0.523391
vn 0.961391 -0.000000 0.275187
vn 0.961391 -0.000000 0.275187
vn 0.989827 -0.000000 0.142279
vn 0.989827 -0.000000 0.142279
vn 0.999977 -0.000000 0.006742
vn 0.991655 -0.000000 -0.128919
vn 0.991655 -0.000000 -0.128919
vn 0.999977 -0.000000 0.006742
vn 0.965014 -0.000000 -0.262198
vn 0.965014 -0.000000 -0.262198
vn 0.920546 -0.000000 -0.390634
vn 0.920546 -0.000000 -0.390634
vn 0.859073 -0.000000 -0.511854
vn 0.859073 -0.000000 -0.511854
vn 0.000000 0.000000 -1.000000
vn 0.000000 0.000000 -1.000000
vn 0.000000 0.000000 -1.000000
vn 0.000000 0.000000 -1.000000
vn 0.450165 -0.000000 0.892946
vn 0.450165 -0.000000 0.892946
vn 0.239252 -0.000000 0.970958
vn 0.239252 -0.000000 0.970958
vn 0.016240 -0.000000 0.999868
vn -0.000000 0.000000 1.000000
vn -0.000000 0.000000 1.000000
vn 0.016240 -0.000000 0.999868
vn 0.507541 0.000000 -0.861627
vn 0.507541 0.000000 -0.861627
vn 0.696396 0.000000 -0.717657
vn 0.696396 0.000000 -0.717657
vn 0.845979 0.000000 -0.533216
vn 0.845979 0.000000 -0.533216
vn 0.947854 0.000000 -0.318705
vn 0.947854 0.000000 -0.318705
vn 0.996276 0.000000 -0.086221
vn 0.996276 0.000000 -0.086221
vn 0.988515 -0.000000 0.151126
vn 0.988515 -0.000000 0.151126
vn 0.925007 -0.000000 0.379950
vn 0.925007 -0.000000 0.379950
vn 0.809335 -0.000000 0.587347
vn 0.809335 -0.000000 0.587347
vn 0.648022 -0.000000 0.761622
vn 0.648022 -0.000000 0.761622
vn 0.450165 -0.000000 0.892946
vn 0.450165 -0.000000 0.892946
vn 0.011674 0.000000 -0.999932
vn 0.011674 0.000000 -0.999932
vn 0.184168 0.000000 -0.982895
vn 0.184168 0.000000 -0.982895
vn 0.351130 0.000000 -0.936327
vn 0.351130 0.000000 -0.936327
vn 0.011674 0.000000 -0.999932
vn 0.011674 0.000000 -0.999932
vn -0.625997 0.000000 -0.779825
vn -0.625997 0.000000 -0.779825
vn -0.432306 0.000000 -0.901727
vn -0.432306 0.000000 -0.901727
vn -0.215972 0.000000 -0.976400
vn -0.215972 0.000000 -0.976400
vn -0.534389 0.000000 -0.845239
vn -0.534389 0.000000 -0.845239
vn -0.565737 0.000000 -0.824586
vn -0.565737 0.000000 -0.824586
vn -0.596287 0.000000 -0.802771
vn -0.596287 0.000000 -0.802771
vn 0.238494 -0.000000 -0.971144
vn 0.238494 -0.000000 -0.971144
vn 0.039655 -0.000000 -0.999213
vn 0.039655 -0.000000 -0.999213
vn -0.160784 0.000000 -0.986990
vn -0.160784 0.000000 -0.986990
vn -0.354739 0.000000 -0.934965
vn -0.354739 0.000000 -0.934965
vn 0.309761 -0.000000 -0.950814
vn 0.309761 -0.000000 -0.950814
vn 0.286175 -0.000000 -0.958177
vn 0.286175 -0.000000 -0.958177
vn 0.262415 -0.000000 -0.964955
vn 0.238494 -0.000000 -0.971144
vn 0.238494 -0.000000 -0.971144
vn 0.262415 -0.000000 -0.964955
vn 0.345151 -0.000000 0.938547
vn 0.345151 -0.000000 0.938547
vn 0.564498 -0.000000 0.825435
vn 0.564498 -0.000000 0.825435
vn 0.749463 -0.000000 0.662047
vn 0.749463 -0.000000 0.662047
vn 0.888779 -0.000000 0.458335
vn 0.888779 -0.000000 0.458335
vn 0.973963 -0.000000 0.226708
vn 0.973963 -0.000000 0.226708
vn 0.999825 -0.000000 -0.018728
vn 0.999825 -0.000000 -0.018728
vn 0.964790 -0.000000 -0.263023
vn 0.964790 -0.000000 -0.263023
vn 0.870992 -0.000000 -0.491298
vn 0.870992 -0.000000 -0.491298
vn 0.724144 -0.000000 -0.689649
vn 0.724144 -0.000000 -0.689649
vn 0.533190 -0.000000 -0.845995
vn 0.533190 -0.000000 -0.845995
vn -0.477258 -0.000000 0.878763
vn -0.477258 -0.000000 0.878763
vn -0.281205 -0.000000 0.959648
vn -0.281205 -0.000000 0.959648
vn -0.072503 -0.000000 0.997368
vn -0.072503 -0.000000 0.997368
vn 0.139461 -0.000000 0.990228
vn 0.139461 -0.000000 0.990228
vn 0.332748 -0.000000 0.943016
vn 0.332748 -0.000000 0.943016
vn 0.129663 -0.000000 0.991558
vn 0.129663 -0.000000 0.991558
vn -0.079075 0.000000 0.996869
vn -0.079075 0.000000 0.996869
vn -0.284366 0.000000 0.958716
vn -0.284366 0.000000 0.958716
vn -0.535562 -0.000000 0.844496
vn -0.535562 -0.000000 0.844496
vn -0.332616 -0.000000 0.943062
vn -0.332616 -0.000000 0.943062
vn -0.112739 -0.000000 0.993625
vn -0.112739 -0.000000 0.993625
vn 0.112878 -0.000000 0.993609
vn 0.112878 -0.000000 0.993609
vn -0.319408 0.000000 0.947617
vn -0.319408 0.000000 0.947617
vn -0.394136 0.000000 0.919052
vn -0.394136 0.000000 0.919052
vn -0.466342 0.000000 0.884605
vn -0.466342 0.000000 0.884605
vn 0.012065 -0.000000 0.999927
vn 0.012065 -0.000000 0.999927
vn -0.100156 0.000000 0.994972
vn -0.100156 0.000000 0.994972
vn -0.211114 0.000000 0.977461
vn -0.211114 0.000000 0.977461
vn 0.012065 -0.000000 0.999927
vn 0.012065 -0.000000 0.999927
vn 0.648971 -0.000000 0.760813
vn 0.648971 -0.000000 0.760813
vn 0.457198 -0.000000 0.889365
vn 0.457198 -0.000000 0.889365
vn 0.241056 -0.000000 0.970511
vn 0.241056 -0.000000 0.970511
vn 0.089219 0.000000 -0.996012
vn 0.089219 0.000000 -0.996012
vn 0.342904 0.000000 -0.939370
vn 0.342904 0.000000 -0.939370
vn 0.573422 0.000000 -0.819260
vn 0.573422 0.000000 -0.819260
vn 0.765196 0.000000 -0.643797
vn 0.765196 0.000000 -0.643797
vn 0.905270 0.000000 -0.424837
vn 0.905270 0.000000 -0.424837
vn 0.984180 0.000000 -0.177172
vn 0.984180 0.000000 -0.177172
vn 0.996594 -0.000000 0.082464
vn 0.996594 -0.000000 0.082464
vn 0.941674 -0.000000 0.336527
vn 0.941674 -0.000000 0.336527
vn 0.823129 -0.000000 0.567854
vn 0.823129 -0.000000 0.567854
vn -0.000000 0.000000 -1.000000
vn -0.000000 0.000000 -1.000000
vn -0.000000 0.000000 -1.000000
vn -0.000000 0.000000 -1.000000
vn 0.741553 -0.000000 -0.670894
vn 0.741553 -0.000000 -0.670894
vn 0.586343 -0.000000 -0.810063
vn 0.586343 -0.000000 -0.810063
vn 0.405651 -0.000000 -0.914028
vn 0.405651 -0.000000 -0.914028
vn 0.207331 -0.000000 -0.978271
vn 0.207331 -0.000000 -0.978271
vn 0.500708 -0.000000 0.865616
vn 0.500708 -0.000000 0.865616
vn 0.702538 -0.000000 0.711646
vn 0.702538 -0.000000 0.711646
vn 0.859096 -0.000000 0.511815
vn 0.859096 -0.000000 0.511815
vn 0.960291 -0.000000 0.279001
vn 0.960291 -0.000000 0.279001
vn 0.999602 -0.000000 0.028208
vn 0.999602 -0.000000 0.028208
vn 0.974497 -0.000000 -0.224403
vn 0.974497 -0.000000 -0.224403
vn 0.886592 -0.000000 -0.462552
vn 0.886592 -0.000000 -0.462552
vn -0.299275 -0.000000 0.954167
vn -0.299275 -0.000000 0.954167
vn -0.082691 -0.000000 0.996575
vn -0.082691 -0.000000 0.996575
vn 0.137922 -0.000000 0.990443
vn 0.137922 -0.000000 0.990443
vn 0.351816 -0.000000 0.936069
vn 0.351816 -0.000000 0.936069
vn 0.548574 -0.000000 0.836102
vn 0.548574 -0.000000 0.836102
vn 0.000000 1.000000 0.000000
vn 0.000000 1.000000 0.000000
vn 0.000000 1.000000 0.000000
vn 0.000000 1.000000 0.000000
vn 0.000000 1.000000 0.000000
vn 0.000000 1.000000 0.000000
vn 0.000000 1.000000 0.000000
vn 0.000000 1.000000 0.000000
vn 0.000000 1.000000 0.000000
vn 0.000000 1.000000 0.000000
vn 0.000000 1.000000 0.000000
vn 0.000000 1.000000 0.000000
vn 0.000000 1.000000 0.000000
vn 0.000000 1.000000 0.000000
vn 0.000000 1.000000 0.000000
vn 0.000000 1.000000 0.000000
vn 0.000000 1.000000 0.000000
vn 0.000000 1.000000 0.000000
vn 0.000000 1.000000 0.000000
vn 0.000000 1.000000 0.000000
vn 0.000000 1.000000 0.000000
vn 0.000000 1.000000 0.000000
vn 0.000000 1.000000 0.000000
vn 0.000000 1.000000 0.000000
vn 0.000000 1.000000 0.000000
vn 0.000000 1.000000 0.000000
vn 0.000000 1.000000 0.000000
vn 0.000000 1.000000 0.000000
vn 0.000000 1.000000 0.000000
vn 0.000000 1.000000 0.000000
vn 0.000000 1.000000 0.000000
vn 0.000000 1.000000 0.000000
vn 0.000000 1.000000 0.000000
vn 0.000000 1.000000 0.000000
vn 0.000000 1.000000 0.000000
vn 0.000000 1.000000 0.000000
vn 0.000000 1.000000 0.000000
vn 0.000000 1.000000 0.000000
vn 0.000000 1.000000 0.000000
vn 0.000000 1.000000 0.000000
vn 0.000000 1.000000 0.000000
vn 0.000000 1.000000 0.000000
vn 0.000000 1.000000 0.000000
vn 0.000000 1.000000 0.000000
vn 0.000000 1.000000 0.000000
vn 0.000000 1.000000 0.000000
vn 0.000000 1.000000 0.000000
vn 0.000000 1.000000 0.000000
vn 0.000000 1.000000 0.000000
vn 0.000000 1.000000 0.000000
vn 0.000000 1.000000 0.000000
vn 0.000000 1.000000 0.000000
vn 0.000000 1.000000 0.000000
vn 0.000000 1.000000 0.000000
vn 0.000000 1.000000 0.000000
vn 0.000000 1.000000 0.000000
vn 0.000000 1.000000 0.000000
vn 0.000000 1.000000 0.000000
vn 0.000000 1.000000 0.000000
vn 0.000000 1.000000 0.000000
vn 0.000000 1.000000 0.000000
vn 0.000000 1.000000 0.000000
vn 0.000000 1.000000 0.000000
vn 0.000000 1.000000 0.000000
vn 0.000000 1.000000 0.000000
vn 0.000000 1.000000 0.000000
vn 0.000000 1.000000 0.000000
vn 0.000000 1.000000 0.000000
vn 0.000000 1.000000 0.000000
vn 0.000000 1.000000 0.000000
vn 0.000000 1.000000 0.000000
vn 0.000000 1.000000 0.000000
vn 0.000000 1.000000 0.000000
vn 0.000000 1.000000 0.000000
vn 0.000000 1.000000 0.000000
vn 0.000000 1.000000 0.000000
vn 0.000000 1.000000 0.000000
vn 0.000000 1.000000 0.000000
vn 0.000000 1.000000 0.000000
vn 0.000000 1.000000 0.000000
vn 0.000000 1.000000 0.000000
vn 0.000000 1.000000 0.000000
vn 0.000000 1.000000 0.000000
vn 0.000000 1.000000 0.000000
vn 0.000000 1.000000 0.000000
vn 0.000000 1.000000 0.000000
vn 0.000000 1.000000 0.000000
vn 0.000000 1.000000 0.000000
vn 0.000000 1.000000 0.000000
vn 0.000000 1.000000 0.000000
vn 0.000000 1.000000 0.000000
vn 0.000000 1.000000 0.000000
vn 0.000000 1.000000 0.000000
vn 0.000000 1.000000 0.000000
vn 0.000000 1.000000 0.000000
vn 0.000000 1.000000 0.000000
vn 0.000000 1.000000 0.000000
vn 0.000000 1.000000 0.000000
vn 0.000000 1.000000 0.000000
vn 0.000000 1.000000 0.000000
vn 0.000000 1.000000 0.000000
vn 0.000000 1.000000 0.000000
vn 0.000000 1.000000 0.000000
vn 0.000000 1.000000 0.000000
vn 0.000000 1.000000 0.000000
vn 0.000000 1.000000 0.000000
vn 0.000000 1.000000 0.000000
vn 0.000000 1.000000 0.000000
vn 0.000000 1.000000 0.000000
vn 0.000000 1.000000 0.000000
vn 0.000000 1.000000 0.000000
vn 0.000000 1.000000 0.000000
vn 0.000000 1.000000 0.000000
vn 0.000000 1.000000 0.000000
vn 0.000000 1.000000 0.000000
vn 0.000000 1.000000 0.000000
vn 0.000000 1.000000 0.000000
vn 0.000000 1.000000 0.000000
vn 0.000000 1.000000 0.000000
vn 0.000000 1.000000 0.000000
vn 0.000000 1.000000 0.000000
vn 0.000000 1.000000 0.000000
vn 0.000000 1.000000 0.000000
vn 0.000000 1.000000 0.000000
vn 0.000000 1.000000 0.000000
vn 0.000000 1.000000 0.000000
vn 0.000000 1.000000 0.000000
vn 0.000000 1.000000 0.000000
vn 0.000000 1.000000 0.000000
vn 0.000000 1.000000 0.000000
vn 0.000000 1.000000 0.000000
vn 0.000000 1.000000 0.000000
vn 0.000000 1.000000 0.000000
vn 0.000000 1.000000 0.000000
vn 0.000000 1.000000 0.000000
vn 0.000000 1.000000 0.000000
vn 0.000000 1.000000 0.000000
vn 0.000000 1.000000 0.000000
vn 0.000000 1.000000 0.000000
vn 0.000000 1.000000 0.000000
vn 0.000000 1.000000 0.000000
vn 0.000000 1.000000 0.000000
vn 0.000000 1.000000 0.000000
vn 0.000000 1.000000 0.000000
vn 0.000000 1.000000 0.000000
vn 0.000000 1.000000 0.000000
vn 0.000000 1.000000 0.000000
vn 0.000000 1.000000 0.000000
vn 0.000000 1.000000 0.000000
vn 0.000000 1.000000 0.000000
vn 0.000000 1.000000 0.000000
vn 0.000000 1.000000 0.000000
vn 0.000000 1.000000 0.000000
vn 0.000000 1.000000 0.000000
vn 0.000000 1.000000 0.000000
vn 0.000000 1.000000 0.000000
vn 0.000000 1.000000 0.000000
vn 0.000000 1.000000 0.000000
vn 0.000000 1.000000 0.000000
vn 0.000000 1.000000 0.000000
vn 0.000000 1.000000 0.000000
vn 0.000000 1.000000 0.000000
vn 0.000000 1.000000 0.000000
vn 0.000000 1.000000 0.000000
vn 0.000000 1.000000 0.000000
vn 0.000000 1.000000 0.000000
vn 0.000000 1.000000 0.000000
vn 0.000000 1.000000 0.000000
vn 0.000000 1.000000 0.000000
vn 0.000000 1.000000 0.000000
vn 0.000000 1.000000 0.000000
vn 0.000000 1.000000 0.000000
vn 0.000000 1.000000 0.000000
vn 0.000000 1.000000 0.000000
vn 0.000000 1.000000 0.000000
vn 0.000000 1.000000 0.000000
vn 0.000000 1.000000 0.000000
vn 0.000000 1.000000 0.000000
vn 0.000000 1.000000 0.000000
vn 0.000000 1.000000 0.000000
vn 0.000000 1.000000 0.000000
vn 0.000000 1.000000 0.000000
vn 0.000000 1.000000 0.000000
vn 0.000000 1.000000 0.000000
vn 0.000000 1.000000 0.000000
vn 0.000000 1.000000 0.000000
vn 0.000000 1.000000 0.000000
vn 0.000000 1.000000 0.000000
vn 0.000000 1.000000 0.000000
vn 0.000000 1.000000 0.000000
vn 0.000000 1.000000 0.000000
vn 0.000000 1.000000 0.000000
vn 0.000000 1.000000 0.000000
vn 0.000000 1.000000 0.000000
vn 0.000000 1.000000 0.000000
vn 0.000000 1.000000 0.000000
vn 0.000000 1.000000 0.000000
vn 0.000000 1.000000 0.000000
vn 0.000000 1.000000 0.000000
vn 0.000000 1.000000 0.000000
vn 0.000000 1.000000 0.000000
vn 0.000000 1.000000 0.000000
vn 0.000000 1.000000 0.000000
vn 0.000000 1.000000 0.000000
vn 0.000000 1.000000 0.000000
vn 0.000000 1.000000 0.000000
vn 0.000000 1.000000 0.000000
vn 0.000000 1.000000 0.000000
vn 0.000000 1.000000 0.000000
vn 0.000000 1.000000 0.000000
vn 0.000000 1.000000 0.000000
vn 0.000000 1.000000 0.000000
vn 0.000000 1.000000 0.000000
vn 0.000000 1.000000 0.000000
vn 0.000000 1.000000 0.000000
vn 0.000000 1.000000 0.000000
vn 0.000000 1.000000 0.000000
vn 0.000000 1.000000 0.000000
vn 0.000000 1.000000 0.000000
vn 0.000000 1.000000 0.000000
vn 0.000000 1.000000 0.000000
vn 0.000000 1.000000 0.000000
vn 0.000000 1.000000 0.000000
vn 0.000000 1.000000 0.000000
vn 0.000000 1.000000 0.000000
vn 0.000000 1.000000 0.000000
vn 0.000000 1.000000 0.000000
vn 0.000000 1.000000 0.000000
vn 0.000000 1.000000 0.000000
vn 0.000000 1.000000 0.000000
vn 0.000000 1.000000 0.000000
vn 0.000000 1.000000 0.000000
vn 0.000000 1.000000 0.000000
vn 0.000000 1.000000 0.000000
vn 0.000000 1.000000 0.000000
vn 0.000000 1.000000 0.000000
vn 0.000000 1.000000 0.000000
vn 0.000000 1.000000 0.000000
vn 0.000000 1.000000 0.000000
vn 0.000000 1.000000 0.000000
vn 0.000000 1.000000 0.000000
vn 0.000000 1.000000 0.000000
vn 0.000000 1.000000 0.000000
vn 0.000000 1.000000 0.000000
vn 0.000000 1.000000 0.000000
vn 0.000000 1.000000 0.000000
vn 0.000000 1.000000 0.000000
vn 0.000000 1.000000 0.000000
vn 0.000000 1.000000 0.000000
vn 0.000000 1.000000 0.000000
vn 0.000000 1.000000 0.000000
vn 0.000000 1.000000 0.000000
vn 0.000000 1.000000 0.000000
vn 0.000000 1.000000 0.000000
vn 0.000000 1.000000 0.000000
vn 0.000000 1.000000 0.000000
vn 0.000000 1.000000 0.000000
vn 0.000000 1.000000 0.000000
vn 0.000000 1.000000 0.000000
vn 0.000000 1.000000 0.000000
vn 0.000000 1.000000 0.000000
vn 0.000000 1.000000 0.000000
vn 0.000000 1.000000 0.000000
vn 0.000000 1.000000 0.000000
vn 0.000000 1.000000 0.000000
vn 0.000000 1.000000 0.000000
vn 0.000000 1.000000 0.000000
vn 0.000000 1.000000 0.000000
vn 0.000000 1.000000 0.000000
vn 0.000000 1.000000 0.000000
vn 0.000000 1.000000 0.000000
vn 0.000000 1.000000 0.000000
vn 0.000000 1.000000 0.000000
vn 0.000000 1.000000 0.000000
vn 0.000000 1.000000 0.000000
vn 0.000000 1.000000 0.000000
vn 0.000000 1.000000 0.000000
vn 0.000000 1.000000 0.000000
vn 0.000000 1.000000 0.000000
vn 0.000000 1.000000 0.000000
vn 0.000000 1.000000 0.000000
vn 0.000000 1.000000 0.000000
vn 0.000000 1.000000 0.000000
vn 0.000000 1.000000 0.000000
vn 0.000000 1.000000 0.000000
vn -0.000000 -1.000000 -0.000000
vn -0.000000 -1.000000 -0.000000
vn -0.000000 -1.000000 -0.000000
vn -0.000000 -1.000000 -0.000000
vn -0.000000 -1.000000 -0.000000
vn -0.000000 -1.000000 -0.000000
vn -0.000000 -1.000000 -0.000000
vn -0.000000 -1.000000 -0.000000
vn -0.000000 -1.000000 -0.000000
vn -0.000000 -1.000000 -0.000000
vn -0.000000 -1.000000 -0.000000
vn -0.000000 -1.000000 -0.000000
vn -0.000000 -1.000000 -0.000000
vn -0.000000 -1.000000 -0.000000
vn -0.000000 -1.000000 -0.000000
vn -0.000000 -1.000000 -0.000000
vn -0.000000 -1.000000 -0.000000
vn -0.000000 -1.000000 -0.000000
vn -0.000000 -1.000000 -0.000000
vn -0.000000 -1.000000 -0.000000
vn -0.000000 -1.000000 -0.000000
vn -0.000000 -1.000000 -0.000000
vn -0.000000 -1.000000 -0.000000
vn -0.000000 -1.000000 -0.000000
vn -0.000000 -1.000000 -0.000000
vn -0.000000 -1.000000 -0.000000
vn -0.000000 -1.000000 -0.000000
vn -0.000000 -1.000000 -0.000000
vn -0.000000 -1.000000 -0.000000
vn -0.000000 -1.000000 -0.000000
vn -0.000000 -1.000000 -0.000000
vn -0.000000 -1.000000 -0.000000
vn -0.000000 -1.000000 -0.000000
vn -0.000000 -1.000000 -0.000000
vn -0.000000 -1.000000 -0.000000
vn -0.000000 -1.000000 -0.000000
vn -0.000000 -1.000000 -0.000000
vn -0.000000 -1.000000 -0.000000
vn -0.000000 -1.000000 -0.000000
vn -0.000000 -1.000000 -0.000000
vn -0.000000 -1.000000 -0.000000
vn -0.000000 -1.000000 -0.000000
vn -0.000000 -1.000000 -0.000000
vn -0.000000 -1.000000 -0.000000
vn -0.000000 -1.000000 -0.000000
vn -0.000000 -1.000000 -0.000000
vn -0.000000 -1.000000 -0.000000
vn -0.000000 -1.000000 -0.000000
vn -0.000000 -1.000000 -0.000000
vn -0.000000 -1.000000 -0.000000
vn -0.000000 -1.000000 -0.000000
vn -0.000000 -1.000000 -0.000000
vn -0.000000 -1.000000 -0.000000
vn -0.000000 -1.000000 -0.000000
vn -0.000000 -1.000000 -0.000000
vn -0.000000 -1.000000 -0.000000
vn -0.000000 -1.000000 -0.000000
vn -0.000000 -1.000000 -0.000000
vn -0.000000 -1.000000 -0.000000
vn -0.000000 -1.000000 -0.000000
vn -0.000000 -1.000000 -0.000000
vn -0.000000 -1.000000 -0.000000
vn -0.000000 -1.000000 -0.000000
vn -0.000000 -1.000000 -0.000000
vn -0.000000 -1.000000 -0.000000
vn -0.000000 -1.000000 -0.000000
vn -0.000000 -1.000000 -0.000000
vn -0.000000 -1.000000 -0.000000
vn -0.000000 -1.000000 -0.000000
vn -0.000000 -1.000000 -0.000000
vn -0.000000 -1.000000 -0.000000
vn -0.000000 -1.000000 -0.000000
vn -0.000000 -1.000000 -0.000000
vn -0.000000 -1.000000 -0.000000
vn -0.000000 -1.000000 -0.000000
vn -0.000000 -1.000000 -0.000000
vn -0.000000 -1.000000 -0.000000
vn -0.000000 -1.000000 -0.000000
vn -0.000000 -1.000000 -0.000000
vn -0.000000 -1.000000 -0.000000
vn -0.000000 -1.000000 -0.000000
vn -0.000000 -1.000000 -0.000000
vn -0.000000 -1.000000 -0.000000
vn -0.000000 -1.000000 -0.000000
vn -0.000000 -1.000000 -0.000000
vn -0.000000 -1.000000 -0.000000
vn -0.000000 -1.000000 -0.000000
vn -0.000000 -1.000000 -0.000000
vn -0.000000 -1.000000 -0.000000
vn -0.000000 -1.000000 -0.000000
vn -0.000000 -1.000000 -0.000000
vn -0.000000 -1.000000 -0.000000
vn -0.000000 -1.000000 -0.000000
vn -0.000000 -1.000000 -0.000000
vn -0.000000 -1.000000 -0.000000
vn -0.000000 -1.000000 -0.000000
vn -0.000000 -1.000000 -0.000000
vn -0.000000 -1.000000 -0.000000
vn -0.000000 -1.000000 -0.000000
vn -0.000000 -1.000000 -0.000000
vn -0.000000 -1.000000 -0.000000
vn -0.000000 -1.000000 -0.000000
vn -0.000000 -1.000000 -0.000000
vn -0.000000 -1.000000 -0.000000
vn -0.000000 -1.000000 -0.000000
vn -0.000000 -1.000000 -0.000000
vn -0.000000 -1.000000 -0.000000
vn -0.000000 -1.000000 -0.000000
vn -0.000000 -1.000000 -0.000000
vn -0.000000 -1.000000 -0.000000
vn -0.000000 -1.000000 -0.000000
vn -0.000000 -1.000000 -0.000000
vn -0.000000 -1.000000 -0.000000
vn -0.000000 -1.000000 -0.000000
vn -0.000000 -1.000000 -0.000000
vn -0.000000 -1.000000 -0.000000
vn -0.000000 -1.000000 -0.000000
vn -0.000000 -1.000000 -0.000000
vn -0.000000 -1.000000 -0.000000
vn -0.000000 -1.000000 -0.000000
vn -0.000000 -1.000000 -0.000000
vn -0.000000 -1.000000 -0.000000
vn -0.000000 -1.000000 -0.000000
vn -0.000000 -1.000000 -0.000000
vn -0.000000 -1.000000 -0.000000
vn -0.000000 -1.000000 -0.000000
vn -0.000000 -1.000000 -0.000000
vn -0.000000 -1.000000 -0.000000
vn -0.000000 -1.000000 -0.000000
vn -0.000000 -1.000000 -0.000000
vn -0.000000 -1.000000 -0.000000
vn -0.000000 -1.000000 -0.000000
vn -0.000000 -1.000000 -0.000000
vn -0.000000 -1.000000 -0.000000
vn -0.000000 -1.000000 -0.000000
vn -0.000000 -1.000000 -0.000000
vn -0.000000 -1.000000 -0.000000
vn -0.000000 -1.000000 -0.000000
vn -0.000000 -1.000000 -0.000000
vn -0.000000 -1.000000 -0.000000
vn -0.000000 -1.000000 -0.000000
vn -0.000000 -1.000000 -0.000000
vn -0.000000 -1.000000 -0.000000
vn -0.000000 -1.000000 -0.000000
vn -0.000000 -1.000000 -0.000000
vn -0.000000 -1.000000 -0.000000
vn -0.000000 -1.000000 -0.000000
vn -0.000000 -1.000000 -0.000000
vn -0.000000 -1.000000 -0.000000
vn -0.000000 -1.000000 -0.000000
vn -0.000000 -1.000000 -0.000000
vn -0.000000 -1.000000 -0.000000
vn -0.000000 -1.000000 -0.000000
vn -0.000000 -1.000000 -0.000000
vn -0.000000 -1.000000 -0.000000
vn -0.000000 -1.000000 -0.000000
vn -0.000000 -1.000000 -0.000000
vn -0.000000 -1.000000 -0.000000
vn -0.000000 -1.000000 -0.000000
vn -0.000000 -1.000000 -0.000000
vn -0.000000 -1.000000 -0.000000
vn -0.000000 -1.000000 -0.000000
vn -0.000000 -1.000000 -0.000000
vn -0.000000 -1.000000 -0.000000
vn -0.000000 -1.000000 -0.000000
vn -0.000000 -1.000000 -0.000000
vn -0.000000 -1.000000 -0.000000
vn -0.000000 -1.000000 -0.000000
vn -0.000000 -1.000000 -0.000000
vn -0.000000 -1.000000 -0.000000
vn -0.000000 -1.000000 -0.000000
vn -0.000000 -1.000000 -0.000000
vn -0.000000 -1.000000 -0.000000
vn -0.000000 -1.000000 -0.000000
vn -0.000000 -1.000000 -0.000000
vn -0.000000 -1.000000 -0.000000
vn -0.000000 -1.000000 -0.000000
vn -0.000000 -1.000000 -0.000000
vn -0.000000 -1.000000 -0.000000
vn -0.000000 -1.000000 -0.000000
vn -0.000000 -1.000000 -0.000000
vn -0.000000 -1.000000 -0.000000
vn -0.000000 -1.000000 -0.000000
vn -0.000000 -1.000000 -0.000000
vn -0.000000 -1.000000 -0.000000
vn -0.000000 -1.000000 -0.000000
vn -0.000000 -1.000000 -0.000000
vn -0.000000 -1.000000 -0.000000
vn -0.000000 -1.000000 -0.000000
vn -0.000000 -1.000000 -0.000000
vn -0.000000 -1.000000 -0.000000
vn -0.000000 -1.000000 -0.000000
vn -0.000000 -1.000000 -0.000000
vn -0.000000 -1.000000 -0.000000
vn -0.000000 -1.000000 -0.000000
vn -0.000000 -1.000000 -0.000000
vn -0.000000 -1.000000 -0.000000
vn -0.000000 -1.000000 -0.000000
vn -0.000000 -1.000000 -0.000000
vn -0.000000 -1.000000 -0.000000
vn -0.000000 -1.000000 -0.000000
vn -0.000000 -1.000000 -0.000000
vn -0.000000 -1.000000 -0.000000
vn -0.000000 -1.000000 -0.000000
vn -0.000000 -1.000000 -0.000000
vn -0.000000 -1.000000 -0.000000
vn -0.000000 -1.000000 -0.000000
vn -0.000000 -1.000000 -0.000000
vn -0.000000 -1.000000 -0.000000
vn -0.000000 -1.000000 -0.000000
vn -0.000000 -1.000000 -0.000000
vn -0.000000 -1.000000 -0.000000
vn -0.000000 -1.000000 -0.000000
vn -0.000000 -1.000000 -0.000000
vn -0.000000 -1.000000 -0.000000
vn -0.000000 -1.000000 -0.000000
vn -0.000000 -1.000000 -0.000000
vn -0.000000 -1.000000 -0.000000
vn -0.000000 -1.000000 -0.000000
vn -0.000000 -1.000000 -0.000000
vn -0.000000 -1.000000 -0.000000
vn -0.000000 -1.000000 -0.000000
vn -0.000000 -1.000000 -0.000000
vn -0.000000 -1.000000 -0.000000
vn -0.000000 -1.000000 -0.000000
vn -0.000000 -1.000000 -0.000000
vn -0.000000 -1.000000 -0.000000
vn -0.000000 -1.000000 -0.000000
vn -0.000000 -1.000000 -0.000000
vn -0.000000 -1.000000 -0.000000
vn -0.000000 -1.000000 -0.000000
vn -0.000000 -1.000000 -0.000000
vn -0.000000 -1.000000 -0.000000
vn -0.000000 -1.000000 -0.000000
vn -0.000000 -1.000000 -0.000000
vn -0.000000 -1.000000 -0.000000
vn -0.000000 -1.000000 -0.000000
vn -0.000000 -1.000000 -0.000000
vn -0.000000 -1.000000 -0.000000
vn -0.000000 -1.000000 -0.000000
vn -0.000000 -1.000000 -0.000000
vn -0.000000 -1.000000 -0.000000
vn -0.000000 -1.000000 -0.000000
vn -0.000000 -1.000000 -0.000000
vn -0.000000 -1.000000 -0.000000
vn -0.000000 -1.000000 -0.000000
vn -0.000000 -1.000000 -0.000000
vn -0.000000 -1.000000 -0.000000
vn -0.000000 -1.000000 -0.000000
vn -0.000000 -1.000000 -0.000000
vn -0.000000 -1.000000 -0.000000
vn -0.000000 -1.000000 -0.000000
vn -0.000000 -1.000000 -0.000000
vn -0.000000 -1.000000 -0.000000
vn -0.000000 -1.000000 -0.000000
vn -0.000000 -1.000000 -0.000000
vn -0.000000 -1.000000 -0.000000
vn -0.000000 -1.000000 -0.000000
vn -0.000000 -1.000000 -0.000000
vn -0.000000 -1.000000 -0.000000
vn -0.000000 -1.000000 -0.000000
vn -0.000000 -1.000000 -0.000000
vn -0.000000 -1.000000 -0.000000
vn -0.000000 -1.000000 -0.000000
vn -0.000000 -1.000000 -0.000000
vn -0.000000 -1.000000 -0.000000
vn -0.000000 -1.000000 -0.000000
vn -0.000000 -1.000000 -0.000000
vn -0.000000 -1.000000 -0.000000
vn -0.000000 -1.000000 -0.000000
vn -0.000000 -1.000000 -0.000000
vn -0.000000 -1.000000 -0.000000
vn -0.000000 -1.000000 -0.000000
vn -0.000000 -1.000000 -0.000000
vn -0.000000 -1.000000 -0.000000
vn -0.000000 -1.000000 -0.000000
vn -0.000000 -1.000000 -0.000000
vn -0.000000 -1.000000 -0.000000
vn -0.000000 -1.000000 -0.000000
vn -0.000000 -1.000000 -0.000000
vn -0.000000 -1.000000 -0.000000
vn -0.000000 -1.000000 -0.000000
vn -0.000000 -1.000000 -0.000000
vn -0.000000 -1.000000 -0.000000
vn -0.000000 -1.000000 -0.000000
usemtl Steel_-_Satin
f 8/1/1 1/2/2 7/3/3
f 7/3/3 1/2/2 2/4/4
f 7/3/3 2/4/4 3/5/5
f 4/6/6 5/7/7 3/5/5
f 3/5/5 5/7/7 6/8/8
f 3/5/5 6/8/8 7/3/3
f 18/9/9 9/10/10 17/11/11
f 17/11/11 9/10/10 10/12/12
f 17/11/11 10/12/12 16/13/13
f 16/13/13 10/12/12 11/14/14
f 16/13/13 11/14/14 15/15/15
f 15/15/15 11/14/14 12/16/16
f 15/15/15 12/16/16 14/17/17
f 14/17/17 12/16/16 13/18/18
f 14/17/17 13/18/18 8/19/1
f 8/19/1 13/18/18 1/20/2
f 28/21/19 19/22/20 27/23/21
f 27/23/21 19/22/20 20/24/22
f 27/23/21 20/24/22 26/25/23
f 26/25/23 20/24/22 21/26/24
f 26/25/23 21/26/24 25/27/25
f 25/27/25 21/26/24 22/28/26
f 25/27/25 22/28/26 24/29/27
f 24/29/27 22/28/26 23/30/28
f 24/29/27 23/30/28 18/31/29
f 18/31/29 23/30/28 9/32/30
f 36/33/31 29/34/32 35/35/33
f 35/35/33 29/34/32 30/36/34
f 35/35/33 30/36/34 34/37/35
f 34/37/35 30/36/34 31/38/36
f 34/37/35 31/38/36 33/39/37
f 33/39/37 31/38/36 32/40/38
f 33/39/37 32/40/38 28/41/19
f 28/41/19 32/40/38 19/42/20
f 42/43/39 37/44/40 41/45/41
f 41/45/41 37/44/40 38/46/42
f 41/45/41 38/46/42 39/47/43
f 29/48/32 36/49/31 39/47/43
f 39/47/43 36/49/31 40/50/44
f 39/47/43 40/50/44 41/45/41
f 48/51/45 43/52/46 47/53/47
f 47/53/47 43/52/46 44/54/48
f 47/53/47 44/54/48 46/55/49
f 46/55/49 44/54/48 45/56/50
f 46/55/49 45/56/50 42/57/39
f 42/57/39 45/56/50 37/58/40
f 54/59/51 49/60/52 53/61/53
f 53/61/53 49/60/52 50/62/54
f 53/61/53 50/62/54 51/63/55
f 43/64/46 48/65/45 51/63/55
f 51/63/55 48/65/45 52/66/56
f 51/63/55 52/66/56 53/61/53
f 64/67/57 55/68/58 63/69/59
f 63/69/59 55/68/58 56/70/60
f 63/69/59 56/70/60 62/71/61
f 62/71/61 56/70/60 57/72/62
f 62/71/61 57/72/62 61/73/63
f 61/73/63 57/72/62 58/74/64
f 61/73/63 58/74/64 60/75/65
f 60/75/65 58/74/64 59/76/66
f 60/75/65 59/76/66 54/77/51
f 54/77/51 59/76/66 49/78/52
f 72/79/67 65/80/68 71/81/69
f 71/81/69 65/80/68 66/82/70
f 71/81/69 66/82/70 70/83/71
f 70/83/71 66/82/70 67/84/72
f 70/83/71 67/84/72 69/85/73
f 69/85/73 67/84/72 68/86/74
f 69/85/73 68/86/74 64/87/75
f 64/87/75 68/86/74 55/88/76
f 78/89/77 73/90/78 77/91/79
f 77/91/79 73/90/78 74/92/80
f 77/91/79 74/92/80 76/93/81
f 76/93/81 74/92/80 75/94/82
f 76/93/81 75/94/82 72/95/67
f 72/95/67 75/94/82 65/96/68
f 86/97/83 79/98/84 85/99/85
f 85/99/85 79/98/84 80/100/86
f 85/99/85 80/100/86 84/101/87
f 84/101/87 80/100/86 81/102/88
f 84/101/87 81/102/88 83/103/89
f 83/103/89 81/102/88 82/104/90
f 83/103/89 82/104/90 78/105/77
f 78/105/77 82/104/90 73/106/78
f 96/107/91 87/108/92 95/109/93
f 95/109/93 87/108/92 88/110/94
f 95/109/93 88/110/94 94/111/95
f 94/111/95 88/110/94 89/112/96
f 94/111/95 89/112/96 93/113/97
f 93/113/97 89/112/96 90/114/98
f 93/113/97 90/114/98 92/115/99
f 92/115/99 90/114/98 91/116/100
f 92/115/99 91/116/100 86/117/83
f 86/117/83 91/116/100 79/118/84
f 110/119/101 97/120/102 109/121/103
f 109/121/103 97/120/102 98/122/104
f 109/121/103 98/122/104 108/123/105
f 108/123/105 98/122/104 99/124/106
f 108/123/105 99/124/106 107/125/107
f 107/125/107 99/124/106 100/126/108
f 107/125/107 100/126/108 106/127/109
f 106/127/109 100/126/108 101/128/110
f 106/127/109 101/128/110 105/129/111
f 105/129/111 101/128/110 102/130/112
f 105/129/111 102/130/112 104/131/113
f 104/131/113 102/130/112 103/132/114
f 104/131/113 103/132/114 96/133/115
f 96/133/115 103/132/114 87/134/116
f 111/135/117 97/136/118 112/137/119
f 112/137/119 97/136/118 110/138/120
f 130/139/121 113/140/122 129/141/123
f 129/141/123 113/140/122 114/142/124
f 129/141/123 114/142/124 128/143/125
f 128/143/125 114/142/124 115/144/126
f 128/143/125 115/144/126 127/145/127
f 127/145/127 115/144/126 116/146/128
f 127/145/127 116/146/128 126/147/129
f 126/147/129 116/146/128 117/148/130
f 126/147/129 117/148/130 125/149/131
f 125/149/131 117/148/130 118/150/132
f 125/149/131 118/150/132 124/151/133
f 124/151/133 118/150/132 119/152/134
f 124/151/133 119/152/134 123/153/135
f 123/153/135 119/152/134 120/154/136
f 123/153/135 120/154/136 122/155/137
f 122/155/137 120/154/136 121/156/138
f 122/155/137 121/156/138 112/157/139
f 112/157/139 121/156/138 111/158/140
f 136/159/141 131/160/142 135/161/143
f 135/161/143 131/160/142 132/162/144
f 135/161/143 132/162/144 134/163/145
f 134/163/145 132/162/144 133/164/146
f 134/163/145 133/164/146 130/165/121
f 130/165/121 133/164/146 113/166/122
f 137/167/147 131/168/142 138/169/148
f 138/169/148 131/168/142 136/170/141
f 144/171/149 139/172/150 143/173/151
f 143/173/151 139/172/150 140/174/152
f 143/173/151 140/174/152 141/175/153
f 137/176/147 138/177/148 141/175/153
f 141/175/153 138/177/148 142/178/154
f 141/175/153 142/178/154 143/173/151
f 150/179/155 145/180/156 149/181/157
f 149/181/157 145/180/156 146/182/158
f 149/181/157 146/182/158 147/183/159
f 139/184/150 144/185/149 147/183/159
f 147/183/159 144/185/149 148/186/160
f 147/183/159 148/186/160 149/181/157
f 158/187/161 151/188/162 157/189/163
f 157/189/163 151/188/162 152/190/164
f 157/189/163 152/190/164 156/191/165
f 156/191/165 152/190/164 153/192/166
f 156/191/165 153/192/166 155/193/167
f 155/193/167 153/192/166 154/194/168
f 155/193/167 154/194/168 150/195/155
f 150/195/155 154/194/168 145/196/156
f 166/197/169 159/198/170 165/199/171
f 165/199/171 159/198/170 160/200/172
f 165/199/171 160/200/172 164/201/173
f 164/201/173 160/200/172 161/202/174
f 164/201/173 161/202/174 163/203/175
f 163/203/175 161/202/174 162/204/176
f 163/203/175 162/204/176 158/205/161
f 158/205/161 162/204/176 151/206/162
f 174/207/177 167/208/178 173/209/179
f 173/209/179 167/208/178 168/210/180
f 173/209/179 168/210/180 172/211/181
f 172/211/181 168/210/180 169/212/182
f 172/211/181 169/212/182 171/213/183
f 171/213/183 169/212/182 170/214/184
f 171/213/183 170/214/184 166/215/169
f 166/215/169 170/214/184 159/216/170
f 194/217/185 175/218/186 193/219/187
f 193/219/187 175/218/186 176/220/188
f 193/219/187 176/220/188 192/221/189
f 192/221/189 176/220/188 177/222/190
f 192/221/189 177/222/190 191/223/191
f 191/223/191 177/222/190 178/224/192
f 191/223/191 178/224/192 190/225/193
f 190/225/193 178/224/192 179/226/194
f 190/225/193 179/226/194 189/227/195
f 189/227/195 179/226/194 180/228/196
f 189/227/195 180/228/196 188/229/197
f 188/229/197 180/228/196 181/230/198
f 188/229/197 181/230/198 187/231/199
f 187/231/199 181/230/198 182/232/200
f 187/231/199 182/232/200 186/233/201
f 186/233/201 182/232/200 183/234/202
f 186/233/201 183/234/202 185/235/203
f 185/235/203 183/234/202 184/236/204
f 185/235/203 184/236/204 174/237/177
f 174/237/177 184/236/204 167/238/178
f 200/239/205 195/240/206 199/241/207
f 199/241/207 195/240/206 196/242/208
f 199/241/207 196/242/208 197/243/209
f 175/244/186 194/245/185 197/243/209
f 197/243/209 194/245/185 198/246/210
f 197/243/209 198/246/210 199/241/207
f 208/247/211 201/248/212 207/249/213
f 207/249/213 201/248/212 202/250/214
f 207/249/213 202/250/214 203/251/215
f 207/249/213 203/251/215 206/252/216
f 206/252/216 203/251/215 204/253/217
f 206/252/216 204/253/217 205/254/218
f 205/254/218 204/253/217 200/255/219
f 200/255/219 204/253/217 195/256/220
f 214/257/221 209/258/222 213/259/223
f 213/259/223 209/258/222 210/260/224
f 213/259/223 210/260/224 212/261/225
f 212/261/225 210/260/224 211/262/226
f 212/261/225 211/262/226 208/263/227
f 208/263/227 211/262/226 201/264/228
f 220/265/229 215/266/230 219/267/231
f 219/267/231 215/266/230 216/268/232
f 219/267/231 216/268/232 218/269/233
f 218/269/233 216/268/232 217/270/234
f 218/269/233 217/270/234 214/271/221
f 214/271/221 217/270/234 209/272/222
f 221/273/235 215/274/230 222/275/236
f 222/275/236 215/274/230 220/276/229
f 228/277/237 223/278/238 227/279/239
f 227/279/239 223/278/238 224/280/240
f 227/279/239 224/280/240 225/281/241
f 221/282/235 222/283/236 225/281/241
f 225/281/241 222/283/236 226/284/242
f 225/281/241 226/284/242 227/279/239
f 246/285/243 229/286/244 245/287/245
f 245/287/245 229/286/244 230/288/246
f 245/287/245 230/288/246 244/289/247
f 244/289/247 230/288/246 231/290/248
f 244/289/247 231/290/248 243/291/249
f 243/291/249 231/290/248 232/292/250
f 243/291/249 232/292/250 242/293/251
f 242/293/251 232/292/250 233/294/252
f 242/293/251 233/294/252 241/295/253
f 241/295/253 233/294/252 234/296/254
f 241/295/253 234/296/254 240/297/255
f 240/297/255 234/296/254 235/298/256
f 240/297/255 235/298/256 239/299/257
f 239/299/257 235/298/256 236/300/258
f 239/299/257 236/300/258 238/301/259
f 238/301/259 236/300/258 237/302/260
f 238/301/259 237/302/260 228/303/237
f 228/303/237 237/302/260 223/304/238
f 252/305/261 247/306/262 251/307/263
f 251/307/263 247/306/262 248/308/264
f 251/307/263 248/308/264 249/309/265
f 229/310/266 246/311/267 249/309/265
f 249/309/265 246/311/267 250/312/268
f 249/309/265 250/312/268 251/307/263
f 258/313/269 253/314/270 257/315/271
f 257/315/271 253/314/270 254/316/272
f 257/315/271 254/316/272 256/317/273
f 256/317/273 254/316/272 255/318/274
f 256/317/273 255/318/274 252/319/275
f 252/319/275 255/318/274 247/320/276
f 5/321/7 4/322/6 274/323/277
f 274/323/277 4/322/6 259/324/278
f 274/323/277 259/324/278 273/325/279
f 273/325/279 259/324/278 260/326/280
f 273/325/279 260/326/280 272/327/281
f 272/327/281 260/326/280 261/328/282
f 272/327/281 261/328/282 271/329/283
f 271/329/283 261/328/282 262/330/284
f 271/329/283 262/330/284 270/331/285
f 270/331/285 262/330/284 263/332/286
f 270/331/285 263/332/286 269/333/287
f 269/333/287 263/332/286 264/334/288
f 269/333/287 264/334/288 268/335/289
f 268/335/289 264/334/288 265/336/290
f 268/335/289 265/336/290 267/337/291
f 267/337/291 265/336/290 266/338/292
f 267/337/291 266/338/292 258/339/269
f 258/339/269 266/338/292 253/340/270
f 284/341/293 275/342/294 283/343/295
f 283/343/295 275/342/294 276/344/296
f 283/343/295 276/344/296 282/345/297
f 282/345/297 276/344/296 277/346/298
f 282/345/297 277/346/298 281/347/299
f 281/347/299 277/346/298 278/348/300
f 281/347/299 278/348/300 280/349/301
f 280/349/301 278/348/300 279/350/302
f 290/351/303 285/352/304 289/353/305
f 289/353/305 285/352/304 286/354/306
f 289/353/305 286/354/306 288/355/307
f 288/355/307 286/354/306 287/356/308
f 288/355/307 287/356/308 284/357/293
f 284/357/293 287/356/308 275/358/294
f 298/359/309 291/360/310 297/361/311
f 297/361/311 291/360/310 292/362/312
f 297/361/311 292/362/312 296/363/313
f 296/363/313 292/362/312 293/364/314
f 296/363/313 293/364/314 295/365/315
f 295/365/315 293/364/314 294/366/316
f 295/365/315 294/366/316 290/367/303
f 290/367/303 294/366/316 285/368/304
f 308/369/317 299/370/318 307/371/319
f 307/371/319 299/370/318 300/372/320
f 307/371/319 300/372/320 306/373/321
f 306/373/321 300/372/320 301/374/322
f 306/373/321 301/374/322 305/375/323
f 305/375/323 301/374/322 302/376/324
f 305/375/323 302/376/324 304/377/325
f 304/377/325 302/376/324 303/378/326
f 304/377/325 303/378/326 298/379/327
f 298/379/327 303/378/326 291/380/328
f 314/381/329 309/382/330 313/383/331
f 313/383/331 309/382/330 310/384/332
f 313/383/331 310/384/332 311/385/333
f 299/386/318 308/387/317 311/385/333
f 311/385/333 308/387/317 312/388/334
f 311/385/333 312/388/334 313/383/331
f 320/389/335 315/390/336 319/391/337
f 319/391/337 315/390/336 316/392/338
f 319/391/337 316/392/338 318/393/339
f 318/393/339 316/392/338 317/394/340
f 318/393/339 317/394/340 314/395/329
f 314/395/329 317/394/340 309/396/330
f 326/397/341 321/398/342 325/399/343
f 325/399/343 321/398/342 322/400/344
f 325/399/343 322/400/344 323/401/345
f 315/402/336 320/403/335 323/401/345
f 323/401/345 320/403/335 324/404/346
f 323/401/345 324/404/346 325/399/343
f 334/405/347 327/406/348 333/407/349
f 333/407/349 327/406/348 328/408/350
f 333/407/349 328/408/350 332/409/351
f 332/409/351 328/408/350 329/410/352
f 332/409/351 329/410/352 331/411/353
f 331/411/353 329/410/352 330/412/354
f 331/411/353 330/412/354 326/413/341
f 326/413/341 330/412/354 321/414/342
f 344/415/355 335/416/356 343/417/357
f 343/417/357 335/416/356 336/418/358
f 343/417/357 336/418/358 342/419/359
f 342/419/359 336/418/358 337/420/360
f 342/419/359 337/420/360 341/421/361
f 341/421/361 337/420/360 338/422/362
f 341/421/361 338/422/362 340/423/363
f 340/423/363 338/422/362 339/424/364
f 340/423/363 339/424/364 334/425/347
f 334/425/347 339/424/364 327/426/348
f 354/427/365 345/428/366 353/429/367
f 353/429/367 345/428/366 346/430/368
f 353/429/367 346/430/368 352/431/369
f 352/431/369 346/430/368 347/432/370
f 352/431/369 347/432/370 351/433/371
f 351/433/371 347/432/370 348/434/372
f 351/433/371 348/434/372 350/435/373
f 350/435/373 348/434/372 349/436/374
f 350/435/373 349/436/374 344/437/375
f 344/437/375 349/436/374 335/438/376
f 360/439/377 355/440/378 359/441/379
f 359/441/379 355/440/378 356/442/380
f 359/441/379 356/442/380 357/443/381
f 345/444/366 354/445/365 357/443/381
f 357/443/381 354/445/365 358/446/382
f 357/443/381 358/446/382 359/441/379
f 394/447/383 361/448/384 393/449/385
f 393/449/385 361/448/384 362/450/386
f 393/449/385 362/450/386 392/451/387
f 392/451/387 362/450/386 363/452/388
f 392/451/387 363/452/388 364/453/389
f 365/454/390 390/455/391 364/453/389
f 364/453/389 390/455/391 391/456/392
f 364/453/389 391/456/392 392/451/387
f 365/454/390 366/457/393 390/455/391
f 390/455/391 366/457/393 389/458/394
f 389/458/394 366/457/393 388/459/395
f 388/459/395 366/457/393 367/460/396
f 388/459/395 367/460/396 387/461/397
f 387/461/397 367/460/396 368/462/398
f 387/461/397 368/462/398 369/463/399
f 370/464/400 385/465/401 369/463/399
f 369/463/399 385/465/401 386/466/402
f 369/463/399 386/466/402 387/461/397
f 370/464/400 371/467/403 385/465/401
f 385/465/401 371/467/403 384/468/404
f 384/468/404 371/467/403 383/469/405
f 383/469/405 371/467/403 372/470/406
f 383/469/405 372/470/406 373/471/407
f 374/472/408 381/473/409 373/471/407
f 373/471/407 381/473/409 382/474/410
f 373/471/407 382/474/410 383/469/405
f 374/472/408 375/475/411 381/473/409
f 381/473/409 375/475/411 380/476/412
f 380/476/412 375/475/411 379/477/413
f 379/477/413 375/475/411 376/478/414
f 379/477/413 376/478/414 377/479/415
f 355/480/378 360/481/377 377/479/415
f 377/479/415 360/481/377 378/482/416
f 377/479/415 378/482/416 379/477/413
f 395/483/417 361/484/418 396/485/419
f 396/485/419 361/484/418 394/486/420
f 402/487/421 397/488/422 401/489/423
f 401/489/423 397/488/422 398/490/424
f 401/489/423 398/490/424 399/491/425
f 395/492/426 396/493/427 399/491/425
f 399/491/425 396/493/427 400/494/428
f 399/491/425 400/494/428 401/489/423
f 420/495/429 403/496/430 419/497/431
f 419/497/431 403/496/430 404/498/432
f 419/497/431 404/498/432 418/499/433
f 418/499/433 404/498/432 405/500/434
f 418/499/433 405/500/434 417/501/435
f 417/501/435 405/500/434 406/502/436
f 417/501/435 406/502/436 416/503/437
f 416/503/437 406/502/436 407/504/438
f 416/503/437 407/504/438 415/505/439
f 415/505/439 407/504/438 408/506/440
f 415/505/439 408/506/440 414/507/441
f 414/507/441 408/506/440 409/508/442
f 414/507/441 409/508/442 413/509/443
f 413/509/443 409/508/442 410/510/444
f 413/509/443 410/510/444 412/511/445
f 412/511/445 410/510/444 411/512/446
f 412/511/445 411/512/446 402/513/447
f 402/513/447 411/512/446 397/514/448
f 426/515/449 421/516/450 425/517/451
f 425/517/451 421/516/450 422/518/452
f 425/517/451 422/518/452 423/519/453
f 403/520/430 420/521/429 423/519/453
f 423/519/453 420/521/429 424/522/454
f 423/519/453 424/522/454 425/517/451
f 427/523/455 421/524/450 428/525/456
f 428/525/456 421/524/450 426/526/449
f 434/527/457 429/528/458 433/529/459
f 433/529/459 429/528/458 430/530/460
f 433/529/459 430/530/460 432/531/461
f 432/531/461 430/530/460 431/532/462
f 432/531/461 431/532/462 428/533/456
f 428/533/456 431/532/462 427/534/455
f 440/535/463 435/536/464 439/537/465
f 439/537/465 435/536/464 436/538/466
f 439/537/465 436/538/466 438/539/467
f 438/539/467 436/538/466 437/540/468
f 438/539/467 437/540/468 434/541/457
f 434/541/457 437/540/468 429/542/458
f 448/543/469 441/544/470 447/545/471
f 447/545/471 441/544/470 442/546/472
f 447/545/471 442/546/472 443/547/473
f 447/545/471 443/547/473 446/548/474
f 446/548/474 443/547/473 444/549/475
f 446/548/474 444/549/475 445/550/476
f 445/550/476 444/549/475 440/551/463
f 440/551/463 444/549/475 435/552/464
f 454/553/477 449/554/478 453/555/479
f 453/555/479 449/554/478 450/556/480
f 453/555/479 450/556/480 451/557/481
f 441/558/482 448/559/483 451/557/481
f 451/557/481 448/559/483 452/560/484
f 451/557/481 452/560/484 453/555/479
f 474/561/485 455/562/486 473/563/487
f 473/563/487 455/562/486 456/564/488
f 473/563/487 456/564/488 472/565/489
f 472/565/489 456/564/488 457/566/490
f 472/565/489 457/566/490 471/567/491
f 471/567/491 457/566/490 458/568/492
f 471/567/491 458/568/492 470/569/493
f 470/569/493 458/568/492 459/570/494
f 470/569/493 459/570/494 469/571/495
f 469/571/495 459/570/494 460/572/496
f 469/571/495 460/572/496 468/573/497
f 468/573/497 460/572/496 461/574/498
f 468/573/497 461/574/498 467/575/499
f 467/575/499 461/574/498 462/576/500
f 467/575/499 462/576/500 466/577/501
f 466/577/501 462/576/500 463/578/502
f 466/577/501 463/578/502 465/579/503
f 465/579/503 463/578/502 464/580/504
f 465/579/503 464/580/504 454/581/477
f 454/581/477 464/580/504 449/582/478
f 482/583/505 475/584/506 481/585/507
f 481/585/507 475/584/506 476/586/508
f 481/585/507 476/586/508 480/587/509
f 480/587/509 476/586/508 477/588/510
f 480/587/509 477/588/510 479/589/511
f 479/589/511 477/588/510 478/590/512
f 479/589/511 478/590/512 474/591/485
f 474/591/485 478/590/512 455/592/486
f 490/593/513 483/594/514 489/595/515
f 489/595/515 483/594/514 484/596/516
f 489/595/515 484/596/516 488/597/517
f 488/597/517 484/596/516 485/598/518
f 488/597/517 485/598/518 487/599/519
f 487/599/519 485/598/518 486/600/520
f 487/599/519 486/600/520 482/601/505
f 482/601/505 486/600/520 475/602/506
f 498/603/521 491/604/522 497/605/523
f 497/605/523 491/604/522 492/606/524
f 497/605/523 492/606/524 496/607/525
f 496/607/525 492/606/524 493/608/526
f 496/607/525 493/608/526 495/609/527
f 495/609/527 493/608/526 494/610/528
f 495/609/527 494/610/528 490/611/513
f 490/611/513 494/610/528 483/612/514
f 504/613/529 499/614/530 503/615/531
f 503/615/531 499/614/530 500/616/532
f 503/615/531 500/616/532 501/617/533
f 491/618/522 498/619/521 501/617/533
f 501/617/533 498/619/521 502/620/534
f 501/617/533 502/620/534 503/615/531
f 510/621/535 505/622/536 509/623/537
f 509/623/537 505/622/536 506/624/538
f 509/623/537 506/624/538 507/625/539
f 499/626/530 504/627/529 507/625/539
f 507/625/539 504/627/529 508/628/540
f 507/625/539 508/628/540 509/623/537
f 511/629/541 505/630/536 512/631/542
f 512/631/542 505/630/536 510/632/535
f 518/633/543 513/634/544 517/635/545
f 517/635/545 513/634/544 514/636/546
f 517/635/545 514/636/546 516/637/547
f 516/637/547 514/636/546 515/638/548
f 516/637/547 515/638/548 512/639/542
f 512/639/542 515/638/548 511/640/541
f 536/641/549 519/642/550 535/643/551
f 535/643/551 519/642/550 520/644/552
f 535/643/551 520/644/552 534/645/553
f 534/645/553 520/644/552 521/646/554
f 534/645/553 521/646/554 533/647/555
f 533/647/555 521/646/554 522/648/556
f 533/647/555 522/648/556 532/649/557
f 532/649/557 522/648/556 523/650/558
f 532/649/557 523/650/558 531/651/559
f 531/651/559 523/650/558 524/652/560
f 531/651/559 524/652/560 530/653/561
f 530/653/561 524/652/560 525/654/562
f 530/653/561 525/654/562 529/655/563
f 529/655/563 525/654/562 526/656/564
f 529/655/563 526/656/564 528/657/565
f 528/657/565 526/656/564 527/658/566
f 528/657/565 527/658/566 518/659/543
f 518/659/543 527/658/566 513/660/544
f 537/661/567 519/662/568 538/663/569
f 538/663/569 519/662/568 536/664/570
f 546/665/571 539/666/572 545/667/573
f 545/667/573 539/666/572 540/668/574
f 545/667/573 540/668/574 544/669/575
f 544/669/575 540/668/574 541/670/576
f 544/669/575 541/670/576 543/671/577
f 543/671/577 541/670/576 542/672/578
f 543/671/577 542/672/578 538/673/569
f 538/673/569 542/672/578 537/674/567
f 560/675/579 547/676/580 559/677/581
f 559/677/581 547/676/580 548/678/582
f 559/677/581 548/678/582 558/679/583
f 558/679/583 548/678/582 549/680/584
f 558/679/583 549/680/584 557/681/585
f 557/681/585 549/680/584 550/682/586
f 557/681/585 550/682/586 556/683/587
f 556/683/587 550/682/586 551/684/588
f 556/683/587 551/684/588 555/685/589
f 555/685/589 551/684/588 552/686/590
f 555/685/589 552/686/590 554/687/591
f 554/687/591 552/686/590 553/688/592
f 554/687/591 553/688/592 546/689/571
f 546/689/571 553/688/592 539/690/572
f 280/691/301 279/692/302 568/693/593
f 568/693/593 279/692/302 561/694/594
f 568/693/593 561/694/594 567/695/595
f 567/695/595 561/694/594 562/696/596
f 567/695/595 562/696/596 566/697/597
f 566/697/597 562/696/596 563/698/598
f 566/697/597 563/698/598 565/699/599
f 565/699/599 563/698/598 564/700/600
f 565/699/599 564/700/600 560/701/601
f 560/701/601 564/700/600 547/702/602
f 274/703/603 379/704/604 5/705/605
f 5/705/605 379/704/604 378/706/606
f 5/705/605 378/706/606 360/707/607
f 379/704/604 274/703/603 380/708/608
f 380/708/608 274/703/603 273/709/609
f 380/708/608 273/709/609 381/710/610
f 381/710/610 273/709/609 382/711/611
f 382/711/611 273/709/609 272/712/612
f 382/711/611 272/712/612 383/713/613
f 383/713/613 272/712/612 271/714/614
f 383/713/613 271/714/614 384/715/615
f 384/715/615 271/714/614 270/716/616
f 384/715/615 270/716/616 385/717/617
f 385/717/617 270/716/616 269/718/618
f 385/717/617 269/718/618 386/719/619
f 386/719/619 269/718/618 387/720/620
f 387/720/620 269/718/618 268/721/621
f 387/720/620 268/721/621 388/722/622
f 388/722/622 268/721/621 389/723/623
f 389/723/623 268/721/621 267/724/624
f 389/723/623 267/724/624 390/725/625
f 390/725/625 267/724/624 391/726/626
f 391/726/626 267/724/624 258/727/627
f 391/726/626 258/727/627 392/728/628
f 392/728/628 258/727/627 393/729/629
f 393/729/629 258/727/627 394/730/630
f 394/730/630 258/727/627 257/731/631
f 394/730/630 257/731/631 256/732/632
f 256/732/632 252/733/633 394/730/630
f 394/730/630 252/733/633 251/734/634
f 394/730/630 251/734/634 401/735/635
f 401/735/635 251/734/634 250/736/636
f 401/735/635 250/736/636 246/737/637
f 401/735/635 246/737/637 402/738/638
f 402/738/638 246/737/637 245/739/639
f 402/738/638 245/739/639 412/740/640
f 412/740/640 245/739/639 244/741/641
f 412/740/640 244/741/641 413/742/642
f 413/742/642 244/741/641 243/743/643
f 413/742/642 243/743/643 414/744/644
f 414/744/644 243/743/643 242/745/645
f 414/744/644 242/745/645 415/746/646
f 415/746/646 242/745/645 241/747/647
f 415/746/646 241/747/647 416/748/648
f 416/748/648 241/747/647 417/749/649
f 417/749/649 241/747/647 240/750/650
f 417/749/649 240/750/650 418/751/651
f 418/751/651 240/750/650 239/752/652
f 418/751/651 239/752/652 419/753/653
f 419/753/653 239/752/652 238/754/654
f 419/753/653 238/754/654 420/755/655
f 420/755/655 238/754/654 228/756/656
f 420/755/655 228/756/656 424/757/657
f 424/757/657 228/756/656 425/758/658
f 425/758/658 228/756/656 227/759/659
f 425/758/658 227/759/659 226/760/660
f 425/758/658 226/760/660 426/761/661
f 426/761/661 226/760/660 222/762/662
f 426/761/661 222/762/662 569/763/663
f 569/763/663 222/762/662 220/764/664
f 569/763/663 220/764/664 428/765/665
f 428/765/665 220/764/664 219/766/666
f 428/765/665 219/766/666 432/767/667
f 432/767/667 219/766/666 218/768/668
f 432/767/667 218/768/668 433/769/669
f 433/769/669 218/768/668 214/770/670
f 433/769/669 214/770/670 434/771/671
f 434/771/671 214/770/670 213/772/672
f 434/771/671 213/772/672 438/773/673
f 438/773/673 213/772/672 212/774/674
f 438/773/673 212/774/674 439/775/675
f 439/775/675 212/774/674 208/776/676
f 439/775/675 208/776/676 207/777/677
f 439/775/675 207/777/677 440/778/678
f 440/778/678 207/777/677 206/779/679
f 440/778/678 206/779/679 445/780/680
f 445/780/680 206/779/679 205/781/681
f 445/780/680 205/781/681 446/782/682
f 446/782/682 205/781/681 447/783/683
f 447/783/683 205/781/681 448/784/684
f 448/784/684 205/781/681 200/785/685
f 448/784/684 200/785/685 452/786/686
f 452/786/686 200/785/685 199/787/687
f 452/786/686 199/787/687 453/788/688
f 453/788/688 199/787/687 198/789/689
f 453/788/688 198/789/689 454/790/690
f 454/790/690 198/789/689 194/791/691
f 454/790/690 194/791/691 465/792/692
f 465/792/692 194/791/691 193/793/693
f 465/792/692 193/793/693 466/794/694
f 466/794/694 193/793/693 192/795/695
f 466/794/694 192/795/695 467/796/696
f 467/796/696 192/795/695 191/797/697
f 467/796/696 191/797/697 468/798/698
f 468/798/698 191/797/697 190/799/699
f 468/798/698 190/799/699 469/800/700
f 469/800/700 190/799/699 189/801/701
f 469/800/700 189/801/701 188/802/702
f 469/800/700 188/802/702 470/803/703
f 470/803/703 188/802/702 187/804/704
f 470/803/703 187/804/704 471/805/705
f 471/805/705 187/804/704 186/806/706
f 471/805/705 186/806/706 472/807/707
f 472/807/707 186/806/706 185/808/708
f 472/807/707 185/808/708 473/809/709
f 473/809/709 185/808/708 174/810/710
f 473/809/709 174/810/710 474/811/711
f 474/811/711 174/810/710 173/812/712
f 474/811/711 173/812/712 479/813/713
f 479/813/713 173/812/712 172/814/714
f 479/813/713 172/814/714 480/815/715
f 480/815/715 172/814/714 481/816/716
f 481/816/716 172/814/714 482/817/717
f 482/817/717 172/814/714 171/818/718
f 482/817/717 171/818/718 166/819/719
f 482/817/717 166/819/719 487/820/720
f 487/820/720 166/819/719 165/821/721
f 487/820/720 165/821/721 488/822/722
f 488/822/722 165/821/721 164/823/723
f 488/822/722 164/823/723 163/824/724
f 488/822/722 163/824/724 489/825/725
f 489/825/725 163/824/724 158/826/726
f 489/825/725 158/826/726 490/827/727
f 490/827/727 158/826/726 157/828/728
f 490/827/727 157/828/728 495/829/729
f 495/829/729 157/828/728 156/830/730
f 495/829/729 156/830/730 496/831/731
f 496/831/731 156/830/730 497/832/732
f 497/832/732 156/830/730 498/833/733
f 498/833/733 156/830/730 155/834/734
f 498/833/733 155/834/734 150/835/735
f 498/833/733 150/835/735 502/836/736
f 502/836/736 150/835/735 149/837/737
f 502/836/736 149/837/737 503/838/738
f 503/838/738 149/837/737 148/839/739
f 503/838/738 148/839/739 504/840/740
f 504/840/740 148/839/739 144/841/741
f 504/840/740 144/841/741 508/842/742
f 508/842/742 144/841/741 143/843/743
f 508/842/742 143/843/743 509/844/744
f 509/844/744 143/843/743 142/845/745
f 509/844/744 142/845/745 510/846/746
f 510/846/746 142/845/745 138/847/747
f 510/846/746 138/847/747 136/848/748
f 510/846/746 136/848/748 512/849/749
f 512/849/749 136/848/748 135/850/750
f 512/849/749 135/850/750 516/851/751
f 516/851/751 135/850/750 134/852/752
f 516/851/751 134/852/752 517/853/753
f 517/853/753 134/852/752 130/854/754
f 517/853/753 130/854/754 518/855/755
f 518/855/755 130/854/754 129/856/756
f 518/855/755 129/856/756 528/857/757
f 528/857/757 129/856/756 128/858/758
f 528/857/757 128/858/758 529/859/759
f 529/859/759 128/858/758 127/860/760
f 529/859/759 127/860/760 530/861/761
f 530/861/761 127/860/760 531/862/762
f 531/862/762 127/860/760 126/863/763
f 531/862/762 126/863/763 532/864/764
f 532/864/764 126/863/763 125/865/765
f 532/864/764 125/865/765 533/866/766
f 533/866/766 125/865/765 124/867/767
f 533/866/766 124/867/767 534/868/768
f 534/868/768 124/867/767 123/869/769
f 534/868/768 123/869/769 535/870/770
f 535/870/770 123/869/769 122/871/771
f 535/870/770 122/871/771 536/872/772
f 536/872/772 122/871/771 112/873/773
f 536/872/772 112/873/773 110/874/774
f 109/875/775 555/876/776 110/874/774
f 110/874/774 555/876/776 554/877/777
f 110/874/774 554/877/777 546/878/778
f 109/875/775 108/879/779 555/876/776
f 555/876/776 108/879/779 556/880/780
f 556/880/780 108/879/779 107/881/781
f 556/880/780 107/881/781 557/882/782
f 557/882/782 107/881/781 106/883/783
f 557/882/782 106/883/783 105/884/784
f 557/882/782 105/884/784 558/885/785
f 558/885/785 105/884/784 104/886/786
f 558/885/785 104/886/786 559/887/787
f 559/887/787 104/886/786 96/888/788
f 559/887/787 96/888/788 560/889/789
f 560/889/789 96/888/788 95/890/790
f 560/889/789 95/890/790 565/891/791
f 565/891/791 95/890/790 94/892/792
f 565/891/791 94/892/792 566/893/793
f 566/893/793 94/892/792 93/894/794
f 566/893/793 93/894/794 567/895/795
f 567/895/795 93/894/794 568/896/796
f 568/896/796 93/894/794 92/897/797
f 568/896/796 92/897/797 280/898/798
f 280/898/798 92/897/797 86/899/799
f 280/898/798 86/899/799 281/900/800
f 281/900/800 86/899/799 85/901/801
f 281/900/800 85/901/801 282/902/802
f 282/902/802 85/901/801 84/903/803
f 282/902/802 84/903/803 83/904/804
f 282/902/802 83/904/804 283/905/805
f 283/905/805 83/904/804 78/906/806
f 283/905/805 78/906/806 284/907/807
f 284/907/807 78/906/806 77/908/808
f 284/907/807 77/908/808 288/909/809
f 288/909/809 77/908/808 76/910/810
f 288/909/809 76/910/810 289/911/811
f 289/911/811 76/910/810 72/912/812
f 289/911/811 72/912/812 290/913/813
f 290/913/813 72/912/812 71/914/814
f 290/913/813 71/914/814 295/915/815
f 295/915/815 71/914/814 70/916/816
f 295/915/815 70/916/816 296/917/817
f 296/917/817 70/916/816 297/918/818
f 297/918/818 70/916/816 69/919/819
f 297/918/818 69/919/819 298/920/820
f 298/920/820 69/919/819 64/921/821
f 298/920/820 64/921/821 304/922/822
f 304/922/822 64/921/821 63/923/823
f 304/922/822 63/923/823 305/924/824
f 305/924/824 63/923/823 62/925/825
f 305/924/824 62/925/825 306/926/826
f 306/926/826 62/925/825 61/927/827
f 306/926/826 61/927/827 307/928/828
f 307/928/828 61/927/827 60/929/829
f 307/928/828 60/929/829 308/930/830
f 308/930/830 60/929/829 54/931/831
f 308/930/830 54/931/831 312/932/832
f 312/932/832 54/931/831 53/933/833
f 312/932/832 53/933/833 313/934/834
f 313/934/834 53/933/833 52/935/835
f 313/934/834 52/935/835 48/936/836
f 313/934/834 48/936/836 314/937/837
f 314/937/837 48/936/836 47/938/838
f 314/937/837 47/938/838 318/939/839
f 318/939/839 47/938/838 46/940/840
f 318/939/839 46/940/840 319/941/841
f 319/941/841 46/940/840 42/942/842
f 319/941/841 42/942/842 320/943/843
f 320/943/843 42/942/842 41/944/844
f 320/943/843 41/944/844 324/945/845
f 324/945/845 41/944/844 40/946/846
f 324/945/845 40/946/846 325/947/847
f 325/947/847 40/946/846 36/948/848
f 325/947/847 36/948/848 326/949/849
f 326/949/849 36/948/848 35/950/850
f 326/949/849 35/950/850 331/951/851
f 331/951/851 35/950/850 332/952/852
f 332/952/852 35/950/850 34/953/853
f 332/952/852 34/953/853 333/954/854
f 333/954/854 34/953/853 33/955/855
f 333/954/854 33/955/855 334/956/856
f 334/956/856 33/955/855 28/957/857
f 334/956/856 28/957/857 340/958/858
f 340/958/858 28/957/857 27/959/859
f 340/958/858 27/959/859 341/960/860
f 341/960/860 27/959/859 26/961/861
f 341/960/860 26/961/861 342/962/862
f 342/962/862 26/961/861 25/963/863
f 342/962/862 25/963/863 24/964/864
f 342/962/862 24/964/864 343/965/865
f 343/965/865 24/964/864 18/966/866
f 343/965/865 18/966/866 344/967/867
f 344/967/867 18/966/866 17/968/868
f 344/967/867 17/968/868 350/969/869
f 350/969/869 17/968/868 16/970/870
f 350/969/869 16/970/870 351/971/871
f 351/971/871 16/970/870 15/972/872
f 351/971/871 15/972/872 352/973/873
f 352/973/873 15/972/872 353/974/874
f 353/974/874 15/972/872 14/975/875
f 353/974/874 14/975/875 354/976/876
f 354/976/876 14/975/875 8/977/877
f 354/976/876 8/977/877 358/978/878
f 358/978/878 8/977/877 7/979/879
f 358/978/878 7/979/879 359/980/880
f 359/980/880 7/979/879 6/981/881
f 359/980/880 6/981/881 360/707/607
f 360/707/607 6/981/881 5/705/605
f 110/874/774 546/878/778 538/982/882
f 538/982/882 546/878/778 545/983/883
f 538/982/882 545/983/883 544/984/884
f 544/984/884 543/985/885 538/982/882
f 538/982/882 536/872/772 110/874/774
f 428/765/665 426/761/661 569/763/663
f 401/735/635 400/986/886 394/730/630
f 394/730/630 400/986/886 396/987/887
f 266/988/888 364/989/889 253/990/890
f 253/990/890 364/989/889 363/991/891
f 253/990/890 363/991/891 362/992/892
f 265/993/893 366/994/894 266/988/888
f 266/988/888 366/994/894 365/995/895
f 266/988/888 365/995/895 364/989/889
f 264/996/896 368/997/897 265/993/893
f 265/993/893 368/997/897 367/998/898
f 265/993/893 367/998/898 366/994/894
f 263/999/899 370/1000/900 264/996/896
f 264/996/896 370/1000/900 369/1001/901
f 264/996/896 369/1001/901 368/997/897
f 370/1000/900 263/999/899 371/1002/902
f 371/1002/902 263/999/899 262/1003/903
f 371/1002/902 262/1003/903 372/1004/904
f 372/1004/904 262/1003/903 261/1005/905
f 372/1004/904 261/1005/905 373/1006/906
f 373/1006/906 261/1005/905 260/1007/907
f 373/1006/906 260/1007/907 374/1008/908
f 374/1008/908 260/1007/907 375/1009/909
f 375/1009/909 260/1007/907 259/1010/910
f 375/1009/909 259/1010/910 376/1011/911
f 376/1011/911 259/1010/910 4/1012/912
f 376/1011/911 4/1012/912 377/1013/913
f 377/1013/913 4/1012/912 355/1014/914
f 355/1014/914 4/1012/912 3/1015/915
f 355/1014/914 3/1015/915 356/1016/916
f 356/1016/916 3/1015/915 2/1017/917
f 356/1016/916 2/1017/917 357/1018/918
f 357/1018/918 2/1017/917 1/1019/919
f 357/1018/918 1/1019/919 345/1020/920
f 345/1020/920 1/1019/919 13/1021/921
f 345/1020/920 13/1021/921 346/1022/922
f 346/1022/922 13/1021/921 12/1023/923
f 346/1022/922 12/1023/923 347/1024/924
f 347/1024/924 12/1023/923 348/1025/925
f 348/1025/925 12/1023/923 11/1026/926
f 348/1025/925 11/1026/926 349/1027/927
f 349/1027/927 11/1026/926 10/1028/928
f 349/1027/927 10/1028/928 335/1029/929
f 335/1029/929 10/1028/928 9/1030/930
f 335/1029/929 9/1030/930 336/1031/931
f 336/1031/931 9/1030/930 23/1032/932
f 336/1031/931 23/1032/932 337/1033/933
f 337/1033/933 23/1032/932 22/1034/934
f 337/1033/933 22/1034/934 21/1035/935
f 337/1033/933 21/1035/935 338/1036/936
f 338/1036/936 21/1035/935 20/1037/937
f 338/1036/936 20/1037/937 339/1038/938
f 339/1038/938 20/1037/937 19/1039/939
f 339/1038/938 19/1039/939 327/1040/940
f 327/1040/940 19/1039/939 32/1041/941
f 327/1040/940 32/1041/941 328/1042/942
f 328/1042/942 32/1041/941 31/1043/943
f 328/1042/942 31/1043/943 329/1044/944
f 329/1044/944 31/1043/943 30/1045/945
f 329/1044/944 30/1045/945 330/1046/946
f 330/1046/946 30/1045/945 321/1047/947
f 321/1047/947 30/1045/945 29/1048/948
f 321/1047/947 29/1048/948 322/1049/949
f 322/1049/949 29/1048/948 39/1050/950
f 322/1049/949 39/1050/950 323/1051/951
f 323/1051/951 39/1050/950 38/1052/952
f 323/1051/951 38/1052/952 315/1053/953
f 315/1053/953 38/1052/952 37/1054/954
f 315/1053/953 37/1054/954 316/1055/955
f 316/1055/955 37/1054/954 45/1056/956
f 316/1055/955 45/1056/956 317/1057/957
f 317/1057/957 45/1056/956 44/1058/958
f 317/1057/957 44/1058/958 309/1059/959
f 309/1059/959 44/1058/958 43/1060/960
f 309/1059/959 43/1060/960 310/1061/961
f 310/1061/961 43/1060/960 51/1062/962
f 310/1061/961 51/1062/962 50/1063/963
f 310/1061/961 50/1063/963 311/1064/964
f 311/1064/964 50/1063/963 49/1065/965
f 311/1064/964 49/1065/965 299/1066/966
f 299/1066/966 49/1065/965 59/1067/967
f 299/1066/966 59/1067/967 300/1068/968
f 300/1068/968 59/1067/967 58/1069/969
f 300/1068/968 58/1069/969 301/1070/970
f 301/1070/970 58/1069/969 57/1071/971
f 301/1070/970 57/1071/971 302/1072/972
f 302/1072/972 57/1071/971 56/1073/973
f 302/1072/972 56/1073/973 303/1074/974
f 303/1074/974 56/1073/973 55/1075/975
f 303/1074/974 55/1075/975 291/1076/976
f 291/1076/976 55/1075/975 68/1077/977
f 291/1076/976 68/1077/977 292/1078/978
f 292/1078/978 68/1077/977 67/1079/979
f 292/1078/978 67/1079/979 293/1080/980
f 293/1080/980 67/1079/979 294/1081/981
f 294/1081/981 67/1079/979 66/1082/982
f 294/1081/981 66/1082/982 285/1083/983
f 285/1083/983 66/1082/982 65/1084/984
f 285/1083/983 65/1084/984 286/1085/985
f 286/1085/985 65/1084/984 75/1086/986
f 286/1085/985 75/1086/986 287/1087/987
f 287/1087/987 75/1086/986 74/1088/988
f 287/1087/987 74/1088/988 275/1089/989
f 275/1089/989 74/1088/988 73/1090/990
f 275/1089/989 73/1090/990 276/1091/991
f 276/1091/991 73/1090/990 82/1092/992
f 276/1091/991 82/1092/992 277/1093/993
f 277/1093/993 82/1092/992 81/1094/994
f 277/1093/993 81/1094/994 80/1095/995
f 277/1093/993 80/1095/995 278/1096/996
f 278/1096/996 80/1095/995 79/1097/997
f 278/1096/996 79/1097/997 279/1098/998
f 279/1098/998 79/1097/997 91/1099/999
f 279/1098/998 91/1099/999 561/1100/1000
f 561/1100/1000 91/1099/999 90/1101/1001
f 561/1100/1000 90/1101/1001 562/1102/1002
f 562/1102/1002 90/1101/1001 563/1103/1003
f 563/1103/1003 90/1101/1001 89/1104/1004
f 563/1103/1003 89/1104/1004 564/1105/1005
f 564/1105/1005 89/1104/1004 88/1106/1006
f 564/1105/1005 88/1106/1006 547/1107/1007
f 547/1107/1007 88/1106/1006 87/1108/1008
f 547/1107/1007 87/1108/1008 548/1109/1009
f 548/1109/1009 87/1108/1008 103/1110/1010
f 548/1109/1009 103/1110/1010 549/1111/1011
f 549/1111/1011 103/1110/1010 102/1112/1012
f 549/1111/1011 102/1112/1012 550/1113/1013
f 550/1113/1013 102/1112/1012 101/1114/1014
f 550/1113/1013 101/1114/1014 100/1115/1015
f 550/1113/1013 100/1115/1015 551/1116/1016
f 551/1116/1016 100/1115/1015 99/1117/1017
f 551/1116/1016 99/1117/1017 552/1118/1018
f 552/1118/1018 99/1117/1017 98/1119/1019
f 552/1118/1018 98/1119/1019 97/1120/1020
f 111/1121/1021 519/1122/1022 97/1120/1020
f 97/1120/1020 519/1122/1022 537/1123/1023
f 97/1120/1020 537/1123/1023 539/1124/1024
f 539/1124/1024 537/1123/1023 540/1125/1025
f 540/1125/1025 537/1123/1023 541/1126/1026
f 541/1126/1026 537/1123/1023 542/1127/1027
f 111/1121/1021 121/1128/1028 519/1122/1022
f 519/1122/1022 121/1128/1028 520/1129/1029
f 520/1129/1029 121/1128/1028 120/1130/1030
f 520/1129/1029 120/1130/1030 521/1131/1031
f 521/1131/1031 120/1130/1030 119/1132/1032
f 521/1131/1031 119/1132/1032 522/1133/1033
f 522/1133/1033 119/1132/1032 118/1134/1034
f 522/1133/1033 118/1134/1034 523/1135/1035
f 523/1135/1035 118/1134/1034 117/1136/1036
f 523/1135/1035 117/1136/1036 524/1137/1037
f 524/1137/1037 117/1136/1036 116/1138/1038
f 524/1137/1037 116/1138/1038 525/1139/1039
f 525/1139/1039 116/1138/1038 526/1140/1040
f 526/1140/1040 116/1138/1038 115/1141/1041
f 526/1140/1040 115/1141/1041 527/1142/1042
f 527/1142/1042 115/1141/1041 114/1143/1043
f 527/1142/1042 114/1143/1043 513/1144/1044
f 513/1144/1044 114/1143/1043 113/1145/1045
f 513/1144/1044 113/1145/1045 514/1146/1046
f 514/1146/1046 113/1145/1045 133/1147/1047
f 514/1146/1046 133/1147/1047 515/1148/1048
f 515/1148/1048 133/1147/1047 132/1149/1049
f 515/1148/1048 132/1149/1049 511/1150/1050
f 511/1150/1050 132/1149/1049 131/1151/1051
f 511/1150/1050 131/1151/1051 505/1152/1052
f 505/1152/1052 131/1151/1051 137/1153/1053
f 505/1152/1052 137/1153/1053 141/1154/1054
f 505/1152/1052 141/1154/1054 506/1155/1055
f 506/1155/1055 141/1154/1054 140/1156/1056
f 506/1155/1055 140/1156/1056 507/1157/1057
f 507/1157/1057 140/1156/1056 139/1158/1058
f 507/1157/1057 139/1158/1058 499/1159/1059
f 499/1159/1059 139/1158/1058 147/1160/1060
f 499/1159/1059 147/1160/1060 500/1161/1061
f 500/1161/1061 147/1160/1060 146/1162/1062
f 500/1161/1061 146/1162/1062 501/1163/1063
f 501/1163/1063 146/1162/1062 145/1164/1064
f 501/1163/1063 145/1164/1064 491/1165/1065
f 491/1165/1065 145/1164/1064 154/1166/1066
f 491/1165/1065 154/1166/1066 153/1167/1067
f 152/1168/1068 494/1169/1069 153/1167/1067
f 153/1167/1067 494/1169/1069 493/1170/1070
f 153/1167/1067 493/1170/1070 492/1171/1071
f 494/1169/1069 152/1168/1068 483/1172/1072
f 483/1172/1072 152/1168/1068 151/1173/1073
f 483/1172/1072 151/1173/1073 484/1174/1074
f 484/1174/1074 151/1173/1073 162/1175/1075
f 484/1174/1074 162/1175/1075 485/1176/1076
f 485/1176/1076 162/1175/1075 161/1177/1077
f 485/1176/1076 161/1177/1077 160/1178/1078
f 485/1176/1076 160/1178/1078 486/1179/1079
f 486/1179/1079 160/1178/1078 159/1180/1080
f 486/1179/1079 159/1180/1080 475/1181/1081
f 475/1181/1081 159/1180/1080 170/1182/1082
f 475/1181/1081 170/1182/1082 169/1183/1083
f 168/1184/1084 478/1185/1085 169/1183/1083
f 169/1183/1083 478/1185/1085 477/1186/1086
f 169/1183/1083 477/1186/1086 476/1187/1087
f 478/1185/1085 168/1184/1084 455/1188/1088
f 455/1188/1088 168/1184/1084 167/1189/1089
f 455/1188/1088 167/1189/1089 456/1190/1090
f 456/1190/1090 167/1189/1089 184/1191/1091
f 456/1190/1090 184/1191/1091 457/1192/1092
f 457/1192/1092 184/1191/1091 183/1193/1093
f 457/1192/1092 183/1193/1093 458/1194/1094
f 458/1194/1094 183/1193/1093 182/1195/1095
f 458/1194/1094 182/1195/1095 459/1196/1096
f 459/1196/1096 182/1195/1095 181/1197/1097
f 459/1196/1096 181/1197/1097 460/1198/1098
f 460/1198/1098 181/1197/1097 180/1199/1099
f 460/1198/1098 180/1199/1099 179/1200/1100
f 460/1198/1098 179/1200/1100 461/1201/1101
f 461/1201/1101 179/1200/1100 178/1202/1102
f 461/1201/1101 178/1202/1102 462/1203/1103
f 462/1203/1103 178/1202/1102 177/1204/1104
f 462/1203/1103 177/1204/1104 463/1205/1105
f 463/1205/1105 177/1204/1104 176/1206/1106
f 463/1205/1105 176/1206/1106 464/1207/1107
f 464/1207/1107 176/1206/1106 175/1208/1108
f 464/1207/1107 175/1208/1108 449/1209/1109
f 449/1209/1109 175/1208/1108 197/1210/1110
f 449/1209/1109 197/1210/1110 450/1211/1111
f 450/1211/1111 197/1210/1110 196/1212/1112
f 450/1211/1111 196/1212/1112 451/1213/1113
f 451/1213/1113 196/1212/1112 195/1214/1114
f 451/1213/1113 195/1214/1114 441/1215/1115
f 441/1215/1115 195/1214/1114 204/1216/1116
f 441/1215/1115 204/1216/1116 442/1217/1117
f 442/1217/1117 204/1216/1116 443/1218/1118
f 443/1218/1118 204/1216/1116 444/1219/1119
f 444/1219/1119 204/1216/1116 203/1220/1120
f 444/1219/1119 203/1220/1120 435/1221/1121
f 435/1221/1121 203/1220/1120 202/1222/1122
f 435/1221/1121 202/1222/1122 436/1223/1123
f 436/1223/1123 202/1222/1122 201/1224/1124
f 436/1223/1123 201/1224/1124 211/1225/1125
f 436/1223/1123 211/1225/1125 437/1226/1126
f 437/1226/1126 211/1225/1125 210/1227/1127
f 437/1226/1126 210/1227/1127 429/1228/1128
f 429/1228/1128 210/1227/1127 209/1229/1129
f 429/1228/1128 209/1229/1129 430/1230/1130
f 430/1230/1130 209/1229/1129 217/1231/1131
f 430/1230/1130 217/1231/1131 431/1232/1132
f 431/1232/1132 217/1231/1131 216/1233/1133
f 431/1232/1132 216/1233/1133 427/1234/1134
f 427/1234/1134 216/1233/1133 215/1235/1135
f 427/1234/1134 215/1235/1135 570/1236/1136
f 570/1236/1136 215/1235/1135 221/1237/1137
f 570/1236/1136 221/1237/1137 421/1238/1138
f 421/1238/1138 221/1237/1137 225/1239/1139
f 421/1238/1138 225/1239/1139 422/1240/1140
f 422/1240/1140 225/1239/1139 224/1241/1141
f 422/1240/1140 224/1241/1141 223/1242/1142
f 237/1243/1143 403/1244/1144 223/1242/1142
f 223/1242/1142 403/1244/1144 423/1245/1145
f 223/1242/1142 423/1245/1145 422/1240/1140
f 403/1244/1144 237/1243/1143 404/1246/1146
f 404/1246/1146 237/1243/1143 236/1247/1147
f 404/1246/1146 236/1247/1147 405/1248/1148
f 405/1248/1148 236/1247/1147 235/1249/1149
f 405/1248/1148 235/1249/1149 406/1250/1150
f 406/1250/1150 235/1249/1149 234/1251/1151
f 406/1250/1150 234/1251/1151 407/1252/1152
f 407/1252/1152 234/1251/1151 408/1253/1153
f 408/1253/1153 234/1251/1151 233/1254/1154
f 408/1253/1153 233/1254/1154 409/1255/1155
f 409/1255/1155 233/1254/1154 232/1256/1156
f 409/1255/1155 232/1256/1156 410/1257/1157
f 410/1257/1157 232/1256/1156 231/1258/1158
f 410/1257/1157 231/1258/1158 411/1259/1159
f 411/1259/1159 231/1258/1158 230/1260/1160
f 411/1259/1159 230/1260/1160 397/1261/1161
f 397/1261/1161 230/1260/1160 229/1262/1162
f 397/1261/1161 229/1262/1162 398/1263/1163
f 398/1263/1163 229/1262/1162 249/1264/1164
f 398/1263/1163 249/1264/1164 248/1265/1165
f 398/1263/1163 248/1265/1165 361/1266/1166
f 361/1266/1166 248/1265/1165 247/1267/1167
f 361/1266/1166 247/1267/1167 255/1268/1168
f 255/1268/1168 254/1269/1169 361/1266/1166
f 361/1266/1166 254/1269/1169 253/990/890
f 361/1266/1166 253/990/890 362/992/892
f 395/1270/1170 399/1271/1171 361/1266/1166
f 361/1266/1166 399/1271/1171 398/1263/1163
f 421/1238/1138 427/1234/1134 570/1236/1136
f 476/1187/1087 475/1181/1081 169/1183/1083
f 492/1171/1071 491/1165/1065 153/1167/1067
f 539/1124/1024 553/1272/1172 97/1120/1020
f 97/1120/1020 553/1272/1172 552/1118/1018
# 570 vertices
# 1272 texture params
# 1172 normals
# 1140 facets

# 1 groups
